{
	"credit": "Made with Blockbench",
	"elements": [
		{
			"name": "diamond_claymore_0",
			"from": [12.5, 12.5, 8],
			"to": [14, 14, 8.5],
			"rotation": {"angle": 0, "axis": "x", "origin": [0, 0, 8]},
			"faces": {
				"north": {"uv": [14, 2, 12.5, 3.5], "texture": "#0"},
				"east": {"uv": [13.5, 2, 14, 3.5], "texture": "#0"},
				"south": {"uv": [12.5, 2, 14, 3.5], "texture": "#0"},
				"west": {"uv": [12.5, 2, 13, 3.5], "texture": "#0"},
				"up": {"uv": [12.5, 2, 14, 2.5], "texture": "#0"},
				"down": {"uv": [12.5, 3, 14, 3.5], "texture": "#0"}
			}
		},
		{
			"name": "diamond_claymore_1",
			"from": [12, 11, 8],
			"to": [12.5, 13.5, 8.5],
			"rotation": {"angle": 0, "axis": "x", "origin": [0, 0, 8]},
			"faces": {
				"north": {"uv": [12.5, 2.5, 12, 5], "texture": "#0"},
				"east": {"uv": [12, 2.5, 12.5, 5], "texture": "#0"},
				"south": {"uv": [12, 2.5, 12.5, 5], "texture": "#0"},
				"west": {"uv": [12, 2.5, 12.5, 5], "texture": "#0"},
				"up": {"uv": [12, 2.5, 12.5, 3], "texture": "#0"},
				"down": {"uv": [12, 4.5, 12.5, 5], "texture": "#0"}
			}
		},
		{
			"name": "diamond_claymore_2",
			"from": [11.5, 10.5, 8],
			"to": [12, 13, 8.5],
			"rotation": {"angle": 0, "axis": "x", "origin": [0, 0, 8]},
			"faces": {
				"north": {"uv": [12, 3, 11.5, 5.5], "texture": "#0"},
				"east": {"uv": [11.5, 3, 12, 5.5], "texture": "#0"},
				"south": {"uv": [11.5, 3, 12, 5.5], "texture": "#0"},
				"west": {"uv": [11.5, 3, 12, 5.5], "texture": "#0"},
				"up": {"uv": [11.5, 3, 12, 3.5], "texture": "#0"},
				"down": {"uv": [11.5, 5, 12, 5.5], "texture": "#0"}
			}
		},
		{
			"name": "diamond_claymore_3",
			"from": [11, 10, 8],
			"to": [11.5, 12.5, 8.5],
			"rotation": {"angle": 0, "axis": "x", "origin": [0, 0, 8]},
			"faces": {
				"north": {"uv": [11.5, 3.5, 11, 6], "texture": "#0"},
				"east": {"uv": [11, 3.5, 11.5, 6], "texture": "#0"},
				"south": {"uv": [11, 3.5, 11.5, 6], "texture": "#0"},
				"west": {"uv": [11, 3.5, 11.5, 6], "texture": "#0"},
				"up": {"uv": [11, 3.5, 11.5, 4], "texture": "#0"},
				"down": {"uv": [11, 5.5, 11.5, 6], "texture": "#0"}
			}
		},
		{
			"name": "diamond_claymore_4",
			"from": [12.5, 12, 8],
			"to": [13.5, 12.5, 8.5],
			"rotation": {"angle": 0, "axis": "x", "origin": [0, 0, 8]},
			"faces": {
				"north": {"uv": [13.5, 3.5, 12.5, 4], "texture": "#0"},
				"east": {"uv": [13, 3.5, 13.5, 4], "texture": "#0"},
				"south": {"uv": [12.5, 3.5, 13.5, 4], "texture": "#0"},
				"west": {"uv": [12.5, 3.5, 13, 4], "texture": "#0"},
				"up": {"uv": [12.5, 3.5, 13.5, 4], "texture": "#0"},
				"down": {"uv": [12.5, 3.5, 13.5, 4], "texture": "#0"}
			}
		},
		{
			"name": "diamond_claymore_5",
			"from": [10.5, 9.5, 8],
			"to": [11, 12, 8.5],
			"rotation": {"angle": 0, "axis": "x", "origin": [0, 0, 8]},
			"faces": {
				"north": {"uv": [11, 4, 10.5, 6.5], "texture": "#0"},
				"east": {"uv": [10.5, 4, 11, 6.5], "texture": "#0"},
				"south": {"uv": [10.5, 4, 11, 6.5], "texture": "#0"},
				"west": {"uv": [10.5, 4, 11, 6.5], "texture": "#0"},
				"up": {"uv": [10.5, 4, 11, 4.5], "texture": "#0"},
				"down": {"uv": [10.5, 6, 11, 6.5], "texture": "#0"}
			}
		},
		{
			"name": "diamond_claymore_6",
			"from": [12.5, 11.5, 8],
			"to": [13, 12, 8.5],
			"rotation": {"angle": 0, "axis": "x", "origin": [0, 0, 8]},
			"faces": {
				"north": {"uv": [13, 4, 12.5, 4.5], "texture": "#0"},
				"east": {"uv": [12.5, 4, 13, 4.5], "texture": "#0"},
				"south": {"uv": [12.5, 4, 13, 4.5], "texture": "#0"},
				"west": {"uv": [12.5, 4, 13, 4.5], "texture": "#0"},
				"up": {"uv": [12.5, 4, 13, 4.5], "texture": "#0"},
				"down": {"uv": [12.5, 4, 13, 4.5], "texture": "#0"}
			}
		},
		{
			"name": "diamond_claymore_7",
			"from": [10, 9, 8],
			"to": [10.5, 11.5, 8.5],
			"rotation": {"angle": 0, "axis": "x", "origin": [0, 0, 8]},
			"faces": {
				"north": {"uv": [10.5, 4.5, 10, 7], "texture": "#0"},
				"east": {"uv": [10, 4.5, 10.5, 7], "texture": "#0"},
				"south": {"uv": [10, 4.5, 10.5, 7], "texture": "#0"},
				"west": {"uv": [10, 4.5, 10.5, 7], "texture": "#0"},
				"up": {"uv": [10, 4.5, 10.5, 5], "texture": "#0"},
				"down": {"uv": [10, 6.5, 10.5, 7], "texture": "#0"}
			}
		},
		{
			"name": "diamond_claymore_8",
			"from": [9.5, 8.5, 8],
			"to": [10, 11, 8.5],
			"rotation": {"angle": 0, "axis": "x", "origin": [0, 0, 8]},
			"faces": {
				"north": {"uv": [10, 5, 9.5, 7.5], "texture": "#0"},
				"east": {"uv": [9.5, 5, 10, 7.5], "texture": "#0"},
				"south": {"uv": [9.5, 5, 10, 7.5], "texture": "#0"},
				"west": {"uv": [9.5, 5, 10, 7.5], "texture": "#0"},
				"up": {"uv": [9.5, 5, 10, 5.5], "texture": "#0"},
				"down": {"uv": [9.5, 7, 10, 7.5], "texture": "#0"}
			}
		},
		{
			"name": "diamond_claymore_9",
			"from": [9, 8, 8],
			"to": [9.5, 10.5, 8.5],
			"rotation": {"angle": 0, "axis": "x", "origin": [0, 0, 8]},
			"faces": {
				"north": {"uv": [9.5, 5.5, 9, 8], "texture": "#0"},
				"east": {"uv": [9, 5.5, 9.5, 8], "texture": "#0"},
				"south": {"uv": [9, 5.5, 9.5, 8], "texture": "#0"},
				"west": {"uv": [9, 5.5, 9.5, 8], "texture": "#0"},
				"up": {"uv": [9, 5.5, 9.5, 6], "texture": "#0"},
				"down": {"uv": [9, 7.5, 9.5, 8], "texture": "#0"}
			}
		},
		{
			"name": "diamond_claymore_10",
			"from": [8.5, 7.5, 8],
			"to": [9, 10, 8.5],
			"rotation": {"angle": 0, "axis": "x", "origin": [0, 0, 8]},
			"faces": {
				"north": {"uv": [9, 6, 8.5, 8.5], "texture": "#0"},
				"east": {"uv": [8.5, 6, 9, 8.5], "texture": "#0"},
				"south": {"uv": [8.5, 6, 9, 8.5], "texture": "#0"},
				"west": {"uv": [8.5, 6, 9, 8.5], "texture": "#0"},
				"up": {"uv": [8.5, 6, 9, 6.5], "texture": "#0"},
				"down": {"uv": [8.5, 8, 9, 8.5], "texture": "#0"}
			}
		},
		{
			"name": "diamond_claymore_11",
			"from": [8, 7, 8],
			"to": [8.5, 9.5, 8.5],
			"rotation": {"angle": 0, "axis": "x", "origin": [0, 0, 8]},
			"faces": {
				"north": {"uv": [8.5, 6.5, 8, 9], "texture": "#0"},
				"east": {"uv": [8, 6.5, 8.5, 9], "texture": "#0"},
				"south": {"uv": [8, 6.5, 8.5, 9], "texture": "#0"},
				"west": {"uv": [8, 6.5, 8.5, 9], "texture": "#0"},
				"up": {"uv": [8, 6.5, 8.5, 7], "texture": "#0"},
				"down": {"uv": [8, 8.5, 8.5, 9], "texture": "#0"}
			}
		},
		{
			"name": "diamond_claymore_12",
			"from": [7.5, 6.5, 8],
			"to": [8, 9, 8.5],
			"rotation": {"angle": 0, "axis": "x", "origin": [0, 0, 8]},
			"faces": {
				"north": {"uv": [8, 7, 7.5, 9.5], "texture": "#0"},
				"east": {"uv": [7.5, 7, 8, 9.5], "texture": "#0"},
				"south": {"uv": [7.5, 7, 8, 9.5], "texture": "#0"},
				"west": {"uv": [7.5, 7, 8, 9.5], "texture": "#0"},
				"up": {"uv": [7.5, 7, 8, 7.5], "texture": "#0"},
				"down": {"uv": [7.5, 9, 8, 9.5], "texture": "#0"}
			}
		},
		{
			"name": "diamond_claymore_13",
			"from": [7, 6, 8],
			"to": [7.5, 8.5, 8.5],
			"rotation": {"angle": 0, "axis": "x", "origin": [0, 0, 8]},
			"faces": {
				"north": {"uv": [7.5, 7.5, 7, 10], "texture": "#0"},
				"east": {"uv": [7, 7.5, 7.5, 10], "texture": "#0"},
				"south": {"uv": [7, 7.5, 7.5, 10], "texture": "#0"},
				"west": {"uv": [7, 7.5, 7.5, 10], "texture": "#0"},
				"up": {"uv": [7, 7.5, 7.5, 8], "texture": "#0"},
				"down": {"uv": [7, 9.5, 7.5, 10], "texture": "#0"}
			}
		},
		{
			"name": "diamond_claymore_14",
			"from": [6.5, 5.5, 8],
			"to": [7, 8, 8.5],
			"rotation": {"angle": 0, "axis": "x", "origin": [0, 0, 8]},
			"faces": {
				"north": {"uv": [7, 8, 6.5, 10.5], "texture": "#0"},
				"east": {"uv": [6.5, 8, 7, 10.5], "texture": "#0"},
				"south": {"uv": [6.5, 8, 7, 10.5], "texture": "#0"},
				"west": {"uv": [6.5, 8, 7, 10.5], "texture": "#0"},
				"up": {"uv": [6.5, 8, 7, 8.5], "texture": "#0"},
				"down": {"uv": [6.5, 10, 7, 10.5], "texture": "#0"}
			}
		},
		{
			"name": "diamond_claymore_15",
			"from": [6, 5, 8],
			"to": [6.5, 7.5, 8.5],
			"rotation": {"angle": 0, "axis": "x", "origin": [0, 0, 8]},
			"faces": {
				"north": {"uv": [6.5, 8.5, 6, 11], "texture": "#0"},
				"east": {"uv": [6, 8.5, 6.5, 11], "texture": "#0"},
				"south": {"uv": [6, 8.5, 6.5, 11], "texture": "#0"},
				"west": {"uv": [6, 8.5, 6.5, 11], "texture": "#0"},
				"up": {"uv": [6, 8.5, 6.5, 9], "texture": "#0"},
				"down": {"uv": [6, 10.5, 6.5, 11], "texture": "#0"}
			}
		},
		{
			"name": "diamond_claymore_16",
			"from": [5.5, 4.5, 8],
			"to": [6, 7, 8.5],
			"rotation": {"angle": 0, "axis": "x", "origin": [0, 0, 8]},
			"faces": {
				"north": {"uv": [6, 9, 5.5, 11.5], "texture": "#0"},
				"east": {"uv": [5.5, 9, 6, 11.5], "texture": "#0"},
				"south": {"uv": [5.5, 9, 6, 11.5], "texture": "#0"},
				"west": {"uv": [5.5, 9, 6, 11.5], "texture": "#0"},
				"up": {"uv": [5.5, 9, 6, 9.5], "texture": "#0"},
				"down": {"uv": [5.5, 11, 6, 11.5], "texture": "#0"}
			}
		},
		{
			"name": "diamond_claymore_17",
			"from": [5, 4, 8],
			"to": [5.5, 6.5, 8.5],
			"rotation": {"angle": 0, "axis": "x", "origin": [0, 0, 8]},
			"faces": {
				"north": {"uv": [5.5, 9.5, 5, 12], "texture": "#0"},
				"east": {"uv": [5, 9.5, 5.5, 12], "texture": "#0"},
				"south": {"uv": [5, 9.5, 5.5, 12], "texture": "#0"},
				"west": {"uv": [5, 9.5, 5.5, 12], "texture": "#0"},
				"up": {"uv": [5, 9.5, 5.5, 10], "texture": "#0"},
				"down": {"uv": [5, 11.5, 5.5, 12], "texture": "#0"}
			}
		},
		{
			"name": "diamond_claymore_18",
			"from": [4.5, 3.5, 8],
			"to": [5, 6, 8.5],
			"rotation": {"angle": 0, "axis": "x", "origin": [0, 0, 8]},
			"faces": {
				"north": {"uv": [5, 10, 4.5, 12.5], "texture": "#0"},
				"east": {"uv": [4.5, 10, 5, 12.5], "texture": "#0"},
				"south": {"uv": [4.5, 10, 5, 12.5], "texture": "#0"},
				"west": {"uv": [4.5, 10, 5, 12.5], "texture": "#0"},
				"up": {"uv": [4.5, 10, 5, 10.5], "texture": "#0"},
				"down": {"uv": [4.5, 12, 5, 12.5], "texture": "#0"}
			}
		},
		{
			"name": "diamond_claymore_19",
			"from": [1.5, 4, 8],
			"to": [2.5, 5.5, 8.5],
			"rotation": {"angle": 0, "axis": "x", "origin": [0, 0, 8]},
			"faces": {
				"north": {"uv": [2.5, 10.5, 1.5, 12], "texture": "#0"},
				"east": {"uv": [2, 10.5, 2.5, 12], "texture": "#0"},
				"south": {"uv": [1.5, 10.5, 2.5, 12], "texture": "#0"},
				"west": {"uv": [1.5, 10.5, 2, 12], "texture": "#0"},
				"up": {"uv": [1.5, 10.5, 2.5, 11], "texture": "#0"},
				"down": {"uv": [1.5, 11.5, 2.5, 12], "texture": "#0"}
			}
		},
		{
			"name": "diamond_claymore_20",
			"from": [4, 1.5, 8],
			"to": [4.5, 5.5, 8.5],
			"rotation": {"angle": 0, "axis": "x", "origin": [0, 0, 8]},
			"faces": {
				"north": {"uv": [4.5, 10.5, 4, 14.5], "texture": "#0"},
				"east": {"uv": [4, 10.5, 4.5, 14.5], "texture": "#0"},
				"south": {"uv": [4, 10.5, 4.5, 14.5], "texture": "#0"},
				"west": {"uv": [4, 10.5, 4.5, 14.5], "texture": "#0"},
				"up": {"uv": [4, 10.5, 4.5, 11], "texture": "#0"},
				"down": {"uv": [4, 14, 4.5, 14.5], "texture": "#0"}
			}
		},
		{
			"name": "diamond_claymore_21",
			"from": [1, 4.5, 8],
			"to": [1.5, 5, 8.5],
			"rotation": {"angle": 0, "axis": "x", "origin": [0, 0, 8]},
			"faces": {
				"north": {"uv": [1.5, 11, 1, 11.5], "texture": "#0"},
				"east": {"uv": [1, 11, 1.5, 11.5], "texture": "#0"},
				"south": {"uv": [1, 11, 1.5, 11.5], "texture": "#0"},
				"west": {"uv": [1, 11, 1.5, 11.5], "texture": "#0"},
				"up": {"uv": [1, 11, 1.5, 11.5], "texture": "#0"},
				"down": {"uv": [1, 11, 1.5, 11.5], "texture": "#0"}
			}
		},
		{
			"name": "diamond_claymore_22",
			"from": [2.5, 2, 8],
			"to": [3, 5, 8.5],
			"rotation": {"angle": 0, "axis": "x", "origin": [0, 0, 8]},
			"faces": {
				"north": {"uv": [3, 11, 2.5, 14], "texture": "#0"},
				"east": {"uv": [2.5, 11, 3, 14], "texture": "#0"},
				"south": {"uv": [2.5, 11, 3, 14], "texture": "#0"},
				"west": {"uv": [2.5, 11, 3, 14], "texture": "#0"},
				"up": {"uv": [2.5, 11, 3, 11.5], "texture": "#0"},
				"down": {"uv": [2.5, 13.5, 3, 14], "texture": "#0"}
			}
		},
		{
			"name": "diamond_claymore_23",
			"from": [3.5, 2, 8],
			"to": [4, 5, 8.5],
			"rotation": {"angle": 0, "axis": "x", "origin": [0, 0, 8]},
			"faces": {
				"north": {"uv": [4, 11, 3.5, 14], "texture": "#0"},
				"east": {"uv": [3.5, 11, 4, 14], "texture": "#0"},
				"south": {"uv": [3.5, 11, 4, 14], "texture": "#0"},
				"west": {"uv": [3.5, 11, 4, 14], "texture": "#0"},
				"up": {"uv": [3.5, 11, 4, 11.5], "texture": "#0"},
				"down": {"uv": [3.5, 13.5, 4, 14], "texture": "#0"}
			}
		},
		{
			"name": "diamond_claymore_24",
			"from": [3, 2.5, 8],
			"to": [3.5, 4.5, 8.5],
			"rotation": {"angle": 0, "axis": "x", "origin": [0, 0, 8]},
			"faces": {
				"north": {"uv": [3.5, 11.5, 3, 13.5], "texture": "#0"},
				"east": {"uv": [3, 11.5, 3.5, 13.5], "texture": "#0"},
				"south": {"uv": [3, 11.5, 3.5, 13.5], "texture": "#0"},
				"west": {"uv": [3, 11.5, 3.5, 13.5], "texture": "#0"},
				"up": {"uv": [3, 11.5, 3.5, 12], "texture": "#0"},
				"down": {"uv": [3, 13, 3.5, 13.5], "texture": "#0"}
			}
		},
		{
			"name": "diamond_claymore_25",
			"from": [2, 3.5, 8],
			"to": [2.5, 4, 8.5],
			"rotation": {"angle": 0, "axis": "x", "origin": [0, 0, 8]},
			"faces": {
				"north": {"uv": [2.5, 12, 2, 12.5], "texture": "#0"},
				"east": {"uv": [2, 12, 2.5, 12.5], "texture": "#0"},
				"south": {"uv": [2, 12, 2.5, 12.5], "texture": "#0"},
				"west": {"uv": [2, 12, 2.5, 12.5], "texture": "#0"},
				"up": {"uv": [2, 12, 2.5, 12.5], "texture": "#0"},
				"down": {"uv": [2, 12, 2.5, 12.5], "texture": "#0"}
			}
		},
		{
			"name": "diamond_claymore_26",
			"from": [2, 1.5, 8],
			"to": [2.5, 3, 8.5],
			"rotation": {"angle": 0, "axis": "x", "origin": [0, 0, 8]},
			"faces": {
				"north": {"uv": [2.5, 13, 2, 14.5], "texture": "#0"},
				"east": {"uv": [2, 13, 2.5, 14.5], "texture": "#0"},
				"south": {"uv": [2, 13, 2.5, 14.5], "texture": "#0"},
				"west": {"uv": [2, 13, 2.5, 14.5], "texture": "#0"},
				"up": {"uv": [2, 13, 2.5, 13.5], "texture": "#0"},
				"down": {"uv": [2, 14, 2.5, 14.5], "texture": "#0"}
			}
		},
		{
			"name": "diamond_claymore_27",
			"from": [4.5, 1, 8],
			"to": [5, 3, 8.5],
			"rotation": {"angle": 0, "axis": "x", "origin": [0, 0, 8]},
			"faces": {
				"north": {"uv": [5, 13, 4.5, 15], "texture": "#0"},
				"east": {"uv": [4.5, 13, 5, 15], "texture": "#0"},
				"south": {"uv": [4.5, 13, 5, 15], "texture": "#0"},
				"west": {"uv": [4.5, 13, 5, 15], "texture": "#0"},
				"up": {"uv": [4.5, 13, 5, 13.5], "texture": "#0"},
				"down": {"uv": [4.5, 14.5, 5, 15], "texture": "#0"}
			}
		},
		{
			"name": "diamond_claymore_28",
			"from": [1.5, 0.5, 8],
			"to": [2, 2.5, 8.5],
			"rotation": {"angle": 0, "axis": "x", "origin": [0, 0, 8]},
			"faces": {
				"north": {"uv": [2, 13.5, 1.5, 15.5], "texture": "#0"},
				"east": {"uv": [1.5, 13.5, 2, 15.5], "texture": "#0"},
				"south": {"uv": [1.5, 13.5, 2, 15.5], "texture": "#0"},
				"west": {"uv": [1.5, 13.5, 2, 15.5], "texture": "#0"},
				"up": {"uv": [1.5, 13.5, 2, 14], "texture": "#0"},
				"down": {"uv": [1.5, 15, 2, 15.5], "texture": "#0"}
			}
		},
		{
			"name": "diamond_claymore_29",
			"from": [5, 1.5, 8],
			"to": [5.5, 2.5, 8.5],
			"rotation": {"angle": 0, "axis": "x", "origin": [0, 0, 8]},
			"faces": {
				"north": {"uv": [5.5, 13.5, 5, 14.5], "texture": "#0"},
				"east": {"uv": [5, 13.5, 5.5, 14.5], "texture": "#0"},
				"south": {"uv": [5, 13.5, 5.5, 14.5], "texture": "#0"},
				"west": {"uv": [5, 13.5, 5.5, 14.5], "texture": "#0"},
				"up": {"uv": [5, 13.5, 5.5, 14], "texture": "#0"},
				"down": {"uv": [5, 14, 5.5, 14.5], "texture": "#0"}
			}
		},
		{
			"name": "diamond_claymore_30",
			"from": [0.5, 0.5, 8],
			"to": [1.5, 2, 8.5],
			"rotation": {"angle": 0, "axis": "x", "origin": [0, 0, 8]},
			"faces": {
				"north": {"uv": [1.5, 14, 0.5, 15.5], "texture": "#0"},
				"east": {"uv": [1, 14, 1.5, 15.5], "texture": "#0"},
				"south": {"uv": [0.5, 14, 1.5, 15.5], "texture": "#0"},
				"west": {"uv": [0.5, 14, 1, 15.5], "texture": "#0"},
				"up": {"uv": [0.5, 14, 1.5, 14.5], "texture": "#0"},
				"down": {"uv": [0.5, 15, 1.5, 15.5], "texture": "#0"}
			}
		}
	],
	"gui_light": "front",
	"display": {
		"thirdperson_righthand": {
			"rotation": [0, 90, 45],
			"translation": [-0.25, 11.25, 1.5],
			"scale": [1.5, 1.5, 1.5]
		},
		"thirdperson_lefthand": {
			"rotation": [0, 90, -45],
			"translation": [-0.25, 11.25, 1.5],
			"scale": [1.5, 1.5, 1.5]
		},
		"firstperson_righthand": {
			"rotation": [-45, -90, 3],
			"translation": [0.5, 16.75, 1.75],
			"scale": [2, 2, 1.5]
		},
		"firstperson_lefthand": {
			"rotation": [45, -90, 3],
			"translation": [0.5, 16.75, 1.75],
			"scale": [2, 2, 1.5]
		},
		"ground": {
			"rotation": [0, 0, -43],
			"translation": [13.25, 0.5, 1.5],
			"scale": [1.5, 1.5, 1.5]
		},
		"gui": {
			"translation": [1, 1, 0],
			"scale": [1.3, 1.3, 1.3]
		},
		"head": {
			"rotation": [0, 0, -136],
			"translation": [0, 6.25, -0.75],
			"scale": [2, 2, 2]
		},
		"fixed": {
			"rotation": [0, 0, 90],
			"translation": [-1, 1, 0],
			"scale": [1.5, 1.5, 1.5]
		}
	},
	"groups": [
		{
			"name": "diamond_claymore",
			"origin": [8, 8, 8],
			"color": 0,
			"children": [0, 1, 2, 3, 4, 5, 6, 7, 8, 9, 10, 11, 12, 13, 14, 15, 16, 17, 18, 19, 20, 21, 22, 23, 24, 25, 26, 27, 28, 29, 30]
		}
	]
}