{
	"credit": "Made with Blockbench",
	"textures": {
		"0": "wep:bb_model/bench/idol/molding_station_top",
		"1": "wep:bb_model/bench/idol/molding_station_back",
		"3": "wep:bb_model/bench/idol/molding_station_side",
		"4": "wep:bb_model/bench/idol/molding_station_bottom",
		"5": "wep:bb_model/bench/idol/front_appendix",
		"7": "wep:bb_model/bench/idol/back_appendix",
		"8": "wep:bb_model/bench/idol/side_appendix",
		"9": "wep:bb_model/bench/idol/tools",
		"10": "wep:bb_model/bench/idol/running/molding_station_front_running_6",
		"particle": "wep:bb_model/bench/idol/molding_station_top"
	},
	"elements": [
		{
			"name": "body",
			"from": [0, 0, 0],
			"to": [16, 16, 16],
			"faces": {
				"north": {"uv": [0, 0, 16, 16], "texture": "#3"},
				"east": {"uv": [0, 0, 16, 16], "texture": "#1"},
				"south": {"uv": [16, 0, 0, 16], "texture": "#3"},
				"west": {"uv": [0, 0, 16, 16], "texture": "#10"},
				"up": {"uv": [0, 0, 16, 16], "texture": "#0"},
				"down": {"uv": [0, 0, 16, 16], "texture": "#4"}
			}
		},
		{
			"name": "corner_cube",
			"from": [-1.2, 12.9, 12.9],
			"to": [3, 17, 17.1],
			"rotation": {"angle": 0, "axis": "y", "origin": [-1, 13, 13]},
			"faces": {
				"north": {"uv": [0, 0, 3, 3], "texture": "#0"},
				"east": {"uv": [0, 0, 3, 3], "texture": "#0"},
				"south": {"uv": [0, 0, 3, 3], "texture": "#0"},
				"west": {"uv": [0, 0, 3, 3], "texture": "#0"},
				"up": {"uv": [0, 0, 3, 3], "texture": "#0"},
				"down": {"uv": [0, 0, 3, 3], "texture": "#0"}
			}
		},
		{
			"name": "corner_cube",
			"from": [12.9, 12.8, -1.1],
			"to": [17.1, 17, 3],
			"rotation": {"angle": 0, "axis": "y", "origin": [13, 13, -1]},
			"faces": {
				"north": {"uv": [0, 0, 3, 3], "texture": "#0"},
				"east": {"uv": [0, 0, 3, 3], "texture": "#0"},
				"south": {"uv": [0, 0, 3, 3], "texture": "#0"},
				"west": {"uv": [0, 0, 3, 3], "texture": "#0"},
				"up": {"uv": [0, 0, 3, 3], "texture": "#0"},
				"down": {"uv": [0, 0, 3, 3], "texture": "#0"}
			}
		},
		{
			"name": "corner_cube",
			"from": [-1.1, 12.9, -1.1],
			"to": [3, 17, 3],
			"rotation": {"angle": 0, "axis": "y", "origin": [-1, 13, -1]},
			"faces": {
				"north": {"uv": [0, 0, 3, 3], "texture": "#0"},
				"east": {"uv": [0, 0, 3, 3], "texture": "#0"},
				"south": {"uv": [0, 0, 3, 3], "texture": "#0"},
				"west": {"uv": [0, 0, 3, 3], "texture": "#0"},
				"up": {"uv": [0, 0, 3, 3], "texture": "#0"},
				"down": {"uv": [0, 0, 3, 3], "texture": "#0"}
			}
		},
		{
			"name": "corner_cube",
			"from": [12.9, 12.9, 12.9],
			"to": [17.1, 17, 17.1],
			"rotation": {"angle": 0, "axis": "y", "origin": [13, 13, 13]},
			"faces": {
				"north": {"uv": [0, 0, 3, 3], "texture": "#0"},
				"east": {"uv": [0, 0, 3, 3], "texture": "#0"},
				"south": {"uv": [0, 0, 3, 3], "texture": "#0"},
				"west": {"uv": [0, 0, 3, 3], "texture": "#0"},
				"up": {"uv": [0, 0, 3, 3], "texture": "#0"},
				"down": {"uv": [0, 0, 3, 3], "texture": "#0"}
			}
		},
		{
			"name": "front_appendix_0",
			"from": [-1, 13, 0],
			"to": [0, 16, 16],
			"rotation": {"angle": 0, "axis": "y", "origin": [-1, 0, 16]},
			"faces": {
				"north": {"uv": [15, 0, 16, 3], "texture": "#5"},
				"east": {"uv": [0, 0, 16, 3], "texture": "#5"},
				"south": {"uv": [0, 0, 1, 3], "texture": "#5"},
				"west": {"uv": [16, 0, 0, 3], "texture": "#5"},
				"up": {"uv": [0, 0, 16, 1], "rotation": 270, "texture": "#5"},
				"down": {"uv": [0, 2, 16, 3], "rotation": 90, "texture": "#5"}
			}
		},
		{
			"name": "front_appendix_1",
			"from": [-1, 8, 6],
			"to": [0, 13, 10],
			"rotation": {"angle": 0, "axis": "y", "origin": [-1, 0, 16]},
			"faces": {
				"north": {"uv": [9, 3, 10, 8], "texture": "#5"},
				"east": {"uv": [6, 3, 10, 8], "texture": "#5"},
				"south": {"uv": [6, 3, 7, 8], "texture": "#5"},
				"west": {"uv": [10, 3, 6, 8], "texture": "#5"},
				"up": {"uv": [6, 3, 10, 4], "rotation": 270, "texture": "#5"},
				"down": {"uv": [6, 7, 10, 8], "rotation": 90, "texture": "#5"}
			}
		},
		{
			"name": "front_appendix_2",
			"from": [-1, 7, 10],
			"to": [0, 9, 12],
			"rotation": {"angle": 0, "axis": "y", "origin": [-1, 0, 16]},
			"faces": {
				"north": {"uv": [5, 7, 6, 9], "texture": "#5"},
				"east": {"uv": [4, 7, 6, 9], "texture": "#5"},
				"south": {"uv": [4, 7, 5, 9], "texture": "#5"},
				"west": {"uv": [6, 7, 4, 9], "texture": "#5"},
				"up": {"uv": [4, 7, 6, 8], "rotation": 270, "texture": "#5"},
				"down": {"uv": [4, 8, 6, 9], "rotation": 90, "texture": "#5"}
			}
		},
		{
			"name": "front_appendix_3",
			"from": [-1, 7, 4],
			"to": [0, 9, 6],
			"rotation": {"angle": 0, "axis": "y", "origin": [-1, 0, 16]},
			"faces": {
				"north": {"uv": [11, 7, 12, 9], "texture": "#5"},
				"east": {"uv": [10, 7, 12, 9], "texture": "#5"},
				"south": {"uv": [10, 7, 11, 9], "texture": "#5"},
				"west": {"uv": [12, 7, 10, 9], "texture": "#5"},
				"up": {"uv": [10, 7, 12, 8], "rotation": 270, "texture": "#5"},
				"down": {"uv": [10, 8, 12, 9], "rotation": 90, "texture": "#5"}
			}
		},
		{
			"name": "front_appendix_4",
			"from": [-1, 7, 12],
			"to": [0, 8, 13],
			"rotation": {"angle": 0, "axis": "y", "origin": [-1, 0, 16]},
			"faces": {
				"north": {"uv": [3, 8, 4, 9], "texture": "#5"},
				"east": {"uv": [3, 8, 4, 9], "texture": "#5"},
				"south": {"uv": [3, 8, 4, 9], "texture": "#5"},
				"west": {"uv": [4, 8, 3, 9], "texture": "#5"},
				"up": {"uv": [3, 8, 4, 9], "rotation": 270, "texture": "#5"},
				"down": {"uv": [3, 8, 4, 9], "rotation": 90, "texture": "#5"}
			}
		},
		{
			"name": "front_appendix_5",
			"from": [-1, 0, 9],
			"to": [0, 8, 10],
			"rotation": {"angle": 0, "axis": "y", "origin": [-1, 0, 16]},
			"faces": {
				"north": {"uv": [6, 8, 7, 16], "texture": "#5"},
				"east": {"uv": [6, 8, 7, 16], "texture": "#5"},
				"south": {"uv": [6, 8, 7, 16], "texture": "#5"},
				"west": {"uv": [6.9, 8, 6.1, 16], "texture": "#5"},
				"up": {"uv": [6, 8, 7, 9], "rotation": 270, "texture": "#5"},
				"down": {"uv": [6, 15, 7, 16], "rotation": 90, "texture": "#5"}
			}
		},
		{
			"name": "front_appendix_6",
			"from": [-1, 0, 6],
			"to": [0, 8, 7],
			"rotation": {"angle": 0, "axis": "y", "origin": [-1, 0, 16]},
			"faces": {
				"north": {"uv": [9, 8, 10, 16], "texture": "#5"},
				"east": {"uv": [9, 8, 10, 16], "texture": "#5"},
				"south": {"uv": [9, 8, 10, 16], "texture": "#5"},
				"west": {"uv": [10, 8, 9, 16], "texture": "#5"},
				"up": {"uv": [9, 8, 10, 9], "rotation": 270, "texture": "#5"},
				"down": {"uv": [9, 15, 10, 16], "rotation": 90, "texture": "#5"}
			}
		},
		{
			"name": "front_appendix_7",
			"from": [-1, 7, 3],
			"to": [0, 8, 4],
			"rotation": {"angle": 0, "axis": "y", "origin": [-1, 0, 16]},
			"faces": {
				"north": {"uv": [12, 8, 13, 9], "texture": "#5"},
				"east": {"uv": [12, 8, 13, 9], "texture": "#5"},
				"south": {"uv": [12, 8, 13, 9], "texture": "#5"},
				"west": {"uv": [13, 8, 12, 9], "texture": "#5"},
				"up": {"uv": [12, 8, 13, 9], "rotation": 270, "texture": "#5"},
				"down": {"uv": [12, 8, 13, 9], "rotation": 90, "texture": "#5"}
			}
		},
		{
			"name": "front_appendix_8",
			"from": [-1, 0, 13],
			"to": [0, 7, 14],
			"rotation": {"angle": 0, "axis": "y", "origin": [-1, 0, 16]},
			"faces": {
				"north": {"uv": [2, 9, 3, 16], "texture": "#5"},
				"east": {"uv": [2, 9, 3, 16], "texture": "#5"},
				"south": {"uv": [2, 9, 3, 16], "texture": "#5"},
				"west": {"uv": [3, 9, 2, 16], "texture": "#5"},
				"up": {"uv": [2, 9, 3, 10], "rotation": 270, "texture": "#5"},
				"down": {"uv": [2, 15, 3, 16], "rotation": 90, "texture": "#5"}
			}
		},
		{
			"name": "front_appendix_9",
			"from": [-1, 0, 11],
			"to": [0, 7, 12],
			"rotation": {"angle": 0, "axis": "y", "origin": [-1, 0, 16]},
			"faces": {
				"north": {"uv": [4, 9, 5, 16], "texture": "#5"},
				"east": {"uv": [4, 9, 5, 16], "texture": "#5"},
				"south": {"uv": [4, 9, 5, 16], "texture": "#5"},
				"west": {"uv": [5, 9, 4, 16], "texture": "#5"},
				"up": {"uv": [4, 9, 5, 10], "rotation": 270, "texture": "#5"},
				"down": {"uv": [4, 15, 5, 16], "rotation": 90, "texture": "#5"}
			}
		},
		{
			"name": "front_appendix_10",
			"from": [-1, 0, 4],
			"to": [0, 7, 5],
			"rotation": {"angle": 0, "axis": "y", "origin": [-1, 0, 16]},
			"faces": {
				"north": {"uv": [11, 9, 12, 16], "texture": "#5"},
				"east": {"uv": [11, 9, 12, 16], "texture": "#5"},
				"south": {"uv": [11, 9, 12, 16], "texture": "#5"},
				"west": {"uv": [12, 9, 11, 16], "texture": "#5"},
				"up": {"uv": [11, 9, 12, 10], "rotation": 270, "texture": "#5"},
				"down": {"uv": [11, 15, 12, 16], "rotation": 90, "texture": "#5"}
			}
		},
		{
			"name": "front_appendix_11",
			"from": [-1, 0, 2],
			"to": [0, 7, 3],
			"rotation": {"angle": 0, "axis": "y", "origin": [-1, 0, 16]},
			"faces": {
				"north": {"uv": [13, 9, 14, 16], "texture": "#5"},
				"east": {"uv": [13, 9, 14, 16], "texture": "#5"},
				"south": {"uv": [13, 9, 14, 16], "texture": "#5"},
				"west": {"uv": [14, 9, 13, 16], "texture": "#5"},
				"up": {"uv": [13, 9, 14, 10], "rotation": 270, "texture": "#5"},
				"down": {"uv": [13, 15, 14, 16], "rotation": 90, "texture": "#5"}
			}
		},
		{
			"name": "front_appendix_12",
			"from": [-1, 0, 14],
			"to": [0, 5, 16],
			"rotation": {"angle": 0, "axis": "y", "origin": [-1, 0, 16]},
			"faces": {
				"north": {"uv": [1, 11, 2, 16], "texture": "#5"},
				"east": {"uv": [0, 11, 2, 16], "texture": "#5"},
				"south": {"uv": [0, 11, 1, 16], "texture": "#5"},
				"west": {"uv": [2, 11, 0, 16], "texture": "#5"},
				"up": {"uv": [0, 11, 2, 12], "rotation": 270, "texture": "#5"},
				"down": {"uv": [0, 15, 2, 16], "rotation": 90, "texture": "#5"}
			}
		},
		{
			"name": "front_appendix_13",
			"from": [-1, 0, 0],
			"to": [0, 5, 2],
			"rotation": {"angle": 0, "axis": "y", "origin": [-1, 0, 16]},
			"faces": {
				"north": {"uv": [15, 11, 16, 16], "texture": "#5"},
				"east": {"uv": [14, 11, 16, 16], "texture": "#5"},
				"south": {"uv": [14, 11, 15, 16], "texture": "#5"},
				"west": {"uv": [16, 11, 14, 16], "texture": "#5"},
				"up": {"uv": [14, 11, 16, 12], "rotation": 270, "texture": "#5"},
				"down": {"uv": [14, 15, 16, 16], "rotation": 90, "texture": "#5"}
			}
		},
		{
			"name": "front_appendix_14",
			"from": [-1, 0, 12],
			"to": [0, 4, 13],
			"rotation": {"angle": 0, "axis": "y", "origin": [-1, 0, 16]},
			"faces": {
				"north": {"uv": [3, 12, 4, 16], "texture": "#5"},
				"east": {"uv": [3, 12, 4, 16], "texture": "#5"},
				"south": {"uv": [3, 12, 4, 16], "texture": "#5"},
				"west": {"uv": [4, 12, 3, 16], "texture": "#5"},
				"up": {"uv": [3, 12, 4, 13], "rotation": 270, "texture": "#5"},
				"down": {"uv": [3, 15, 4, 16], "rotation": 90, "texture": "#5"}
			}
		},
		{
			"name": "front_appendix_15",
			"from": [-1, 0, 10],
			"to": [0, 4, 11],
			"rotation": {"angle": 0, "axis": "y", "origin": [-1, 0, 16]},
			"faces": {
				"north": {"uv": [5, 12, 6, 16], "texture": "#5"},
				"east": {"uv": [5, 12, 6, 16], "texture": "#5"},
				"south": {"uv": [5, 12, 6, 16], "texture": "#5"},
				"west": {"uv": [6, 12, 5, 16], "texture": "#5"},
				"up": {"uv": [5, 12, 6, 13], "rotation": 270, "texture": "#5"},
				"down": {"uv": [5, 15, 6, 16], "rotation": 90, "texture": "#5"}
			}
		},
		{
			"name": "front_appendix_16",
			"from": [-1, 0, 7],
			"to": [0, 4, 9],
			"rotation": {"angle": 0, "axis": "y", "origin": [-1, 0, 16]},
			"faces": {
				"north": {"uv": [8, 12, 9, 16], "texture": "#5"},
				"east": {"uv": [7, 12, 9, 16], "texture": "#5"},
				"south": {"uv": [7, 12, 8, 16], "texture": "#5"},
				"west": {"uv": [9, 12, 7, 16], "texture": "#5"},
				"up": {"uv": [7, 12, 9, 13], "rotation": 270, "texture": "#5"},
				"down": {"uv": [7, 15, 9, 16], "rotation": 90, "texture": "#5"}
			}
		},
		{
			"name": "front_appendix_17",
			"from": [-1, 0, 5],
			"to": [0, 4, 6],
			"rotation": {"angle": 0, "axis": "y", "origin": [-1, 0, 16]},
			"faces": {
				"north": {"uv": [10, 12, 11, 16], "texture": "#5"},
				"east": {"uv": [10, 12, 11, 16], "texture": "#5"},
				"south": {"uv": [10, 12, 11, 16], "texture": "#5"},
				"west": {"uv": [11, 12, 10, 16], "texture": "#5"},
				"up": {"uv": [10, 12, 11, 13], "rotation": 270, "texture": "#5"},
				"down": {"uv": [10, 15, 11, 16], "rotation": 90, "texture": "#5"}
			}
		},
		{
			"name": "front_appendix_18",
			"from": [-1, 0, 3],
			"to": [0, 4, 4],
			"rotation": {"angle": 0, "axis": "y", "origin": [-1, 0, 16]},
			"faces": {
				"north": {"uv": [12, 12, 13, 16], "texture": "#5"},
				"east": {"uv": [12, 12, 13, 16], "texture": "#5"},
				"south": {"uv": [12, 12, 13, 16], "texture": "#5"},
				"west": {"uv": [13, 12, 12, 16], "texture": "#5"},
				"up": {"uv": [12, 12, 13, 13], "rotation": 270, "texture": "#5"},
				"down": {"uv": [12, 15, 13, 16], "rotation": 90, "texture": "#5"}
			}
		},
		{
			"name": "back_appendix_0",
			"from": [0, 13, -1],
			"to": [16, 16, 0],
			"rotation": {"angle": 0, "axis": "y", "origin": [0, 0, -1]},
			"faces": {
				"north": {"uv": [16, 0, 0, 3], "texture": "#7"},
				"east": {"uv": [15, 0, 16, 3], "texture": "#7"},
				"south": {"uv": [0, 0, 16, 3], "texture": "#7"},
				"west": {"uv": [0, 0, 1, 3], "texture": "#7"},
				"up": {"uv": [0, 0, 16, 1], "texture": "#7"},
				"down": {"uv": [0, 2, 16, 3], "texture": "#7"}
			}
		},
		{
			"name": "back_appendix_1",
			"from": [0, 0, -1],
			"to": [2, 13, 0],
			"rotation": {"angle": 0, "axis": "y", "origin": [0, 0, -1]},
			"faces": {
				"north": {"uv": [2, 3, 0, 16], "texture": "#7"},
				"east": {"uv": [1, 3, 2, 16], "texture": "#7"},
				"south": {"uv": [0, 3, 2, 16], "texture": "#7"},
				"west": {"uv": [0, 3, 1, 16], "texture": "#7"},
				"up": {"uv": [0, 3, 2, 4], "texture": "#7"},
				"down": {"uv": [0, 15, 2, 16], "texture": "#7"}
			}
		},
		{
			"name": "back_appendix_2",
			"from": [6, 0, -1],
			"to": [10, 13, 0],
			"rotation": {"angle": 0, "axis": "y", "origin": [0, 0, -1]},
			"faces": {
				"north": {"uv": [10, 3, 6, 16], "texture": "#7"},
				"east": {"uv": [9, 3, 10, 16], "texture": "#7"},
				"south": {"uv": [6, 3, 10, 16], "texture": "#7"},
				"west": {"uv": [6, 3, 7, 16], "texture": "#7"},
				"up": {"uv": [6, 3, 10, 4], "texture": "#7"},
				"down": {"uv": [6, 15, 10, 16], "texture": "#7"}
			}
		},
		{
			"name": "back_appendix_3",
			"from": [14, 0, -1],
			"to": [16, 13, 0],
			"rotation": {"angle": 0, "axis": "y", "origin": [0, 0, -1]},
			"faces": {
				"north": {"uv": [16, 3, 14, 16], "texture": "#7"},
				"east": {"uv": [15, 3, 16, 16], "texture": "#7"},
				"south": {"uv": [14, 3, 16, 16], "texture": "#7"},
				"west": {"uv": [14, 3, 15, 16], "texture": "#7"},
				"up": {"uv": [14, 3, 16, 4], "texture": "#7"},
				"down": {"uv": [14, 15, 16, 16], "texture": "#7"}
			}
		},
		{
			"name": "back_appendix_4",
			"from": [2, 0, -1],
			"to": [6, 3, 0],
			"rotation": {"angle": 0, "axis": "y", "origin": [0, 0, -1]},
			"faces": {
				"north": {"uv": [6, 13, 2, 16], "texture": "#7"},
				"east": {"uv": [5, 13, 6, 16], "texture": "#7"},
				"south": {"uv": [2, 13, 6, 16], "texture": "#7"},
				"west": {"uv": [2, 13, 3, 16], "texture": "#7"},
				"up": {"uv": [2, 13, 6, 14], "texture": "#7"},
				"down": {"uv": [2, 15, 6, 16], "texture": "#7"}
			}
		},
		{
			"name": "back_appendix_5",
			"from": [10, 0, -1],
			"to": [14, 3, 0],
			"rotation": {"angle": 0, "axis": "y", "origin": [0, 0, -1]},
			"faces": {
				"north": {"uv": [14, 13, 10, 16], "texture": "#7"},
				"east": {"uv": [13, 13, 14, 16], "texture": "#7"},
				"south": {"uv": [10, 13, 14, 16], "texture": "#7"},
				"west": {"uv": [10, 13, 11, 16], "texture": "#7"},
				"up": {"uv": [10, 13, 14, 14], "texture": "#7"},
				"down": {"uv": [10, 15, 14, 16], "texture": "#7"}
			}
		},
		{
			"name": "back_appendix_0",
			"from": [0, 13, 16],
			"to": [16, 16, 17],
			"rotation": {"angle": 0, "axis": "y", "origin": [0, 0, 16]},
			"faces": {
				"north": {"uv": [16, 0, 0, 3], "texture": "#7"},
				"east": {"uv": [15, 0, 16, 3], "texture": "#7"},
				"south": {"uv": [0, 0, 16, 3], "texture": "#7"},
				"west": {"uv": [0, 0, 1, 3], "texture": "#7"},
				"up": {"uv": [0, 0, 16, 1], "texture": "#7"},
				"down": {"uv": [0, 2, 16, 3], "texture": "#7"}
			}
		},
		{
			"name": "back_appendix_1",
			"from": [0, 0, 16],
			"to": [2, 13, 17],
			"rotation": {"angle": 0, "axis": "y", "origin": [0, 0, 16]},
			"faces": {
				"north": {"uv": [2, 3, 0, 16], "texture": "#7"},
				"east": {"uv": [1, 3, 2, 16], "texture": "#7"},
				"south": {"uv": [0, 3, 2, 16], "texture": "#7"},
				"west": {"uv": [0, 3, 1, 16], "texture": "#7"},
				"up": {"uv": [0, 3, 2, 4], "texture": "#7"},
				"down": {"uv": [0, 15, 2, 16], "texture": "#7"}
			}
		},
		{
			"name": "back_appendix_2",
			"from": [6, 0, 16],
			"to": [10, 13, 17],
			"rotation": {"angle": 0, "axis": "y", "origin": [0, 0, 16]},
			"faces": {
				"north": {"uv": [10, 3, 6, 16], "texture": "#7"},
				"east": {"uv": [9, 3, 10, 16], "texture": "#7"},
				"south": {"uv": [6, 3, 10, 16], "texture": "#7"},
				"west": {"uv": [6, 3, 7, 16], "texture": "#7"},
				"up": {"uv": [6, 3, 10, 4], "texture": "#7"},
				"down": {"uv": [6, 15, 10, 16], "texture": "#7"}
			}
		},
		{
			"name": "back_appendix_3",
			"from": [14, 0, 16],
			"to": [16, 13, 17],
			"rotation": {"angle": 0, "axis": "y", "origin": [0, 0, 16]},
			"faces": {
				"north": {"uv": [16, 3, 14, 16], "texture": "#7"},
				"east": {"uv": [15, 3, 16, 16], "texture": "#7"},
				"south": {"uv": [14, 3, 16, 16], "texture": "#7"},
				"west": {"uv": [14, 3, 15, 16], "texture": "#7"},
				"up": {"uv": [14, 3, 16, 4], "texture": "#7"},
				"down": {"uv": [14, 15, 16, 16], "texture": "#7"}
			}
		},
		{
			"name": "back_appendix_4",
			"from": [2, 0, 16],
			"to": [6, 3, 17],
			"rotation": {"angle": 0, "axis": "y", "origin": [0, 0, 16]},
			"faces": {
				"north": {"uv": [6, 13, 2, 16], "texture": "#7"},
				"east": {"uv": [5, 13, 6, 16], "texture": "#7"},
				"south": {"uv": [2, 13, 6, 16], "texture": "#7"},
				"west": {"uv": [2, 13, 3, 16], "texture": "#7"},
				"up": {"uv": [2, 13, 6, 14], "texture": "#7"},
				"down": {"uv": [2, 15, 6, 16], "texture": "#7"}
			}
		},
		{
			"name": "back_appendix_5",
			"from": [10, 0, 16],
			"to": [14, 3, 17],
			"rotation": {"angle": 0, "axis": "y", "origin": [0, 0, 16]},
			"faces": {
				"north": {"uv": [14, 13, 10, 16], "texture": "#7"},
				"east": {"uv": [13, 13, 14, 16], "texture": "#7"},
				"south": {"uv": [10, 13, 14, 16], "texture": "#7"},
				"west": {"uv": [10, 13, 11, 16], "texture": "#7"},
				"up": {"uv": [10, 13, 14, 14], "texture": "#7"},
				"down": {"uv": [10, 15, 14, 16], "texture": "#7"}
			}
		},
		{
			"name": "side_appendix_0",
			"from": [16, 13, 0],
			"to": [17, 16, 16],
			"rotation": {"angle": 0, "axis": "y", "origin": [16, 0, 16]},
			"faces": {
				"north": {"uv": [15, 0, 16, 3], "texture": "#8"},
				"east": {"uv": [0, 0, 16, 3], "texture": "#8"},
				"south": {"uv": [0, 0, 1, 3], "texture": "#8"},
				"west": {"uv": [16, 0, 0, 3], "texture": "#8"},
				"up": {"uv": [0, 0, 16, 1], "rotation": 270, "texture": "#8"},
				"down": {"uv": [0, 2, 16, 3], "rotation": 90, "texture": "#8"}
			}
		},
		{
			"name": "side_appendix_1",
			"from": [16, 0, 14],
			"to": [17, 13, 16],
			"rotation": {"angle": 0, "axis": "y", "origin": [16, 0, 16]},
			"faces": {
				"north": {"uv": [1, 3, 2, 16], "texture": "#8"},
				"east": {"uv": [0, 3, 2, 16], "texture": "#8"},
				"south": {"uv": [0, 3, 1, 16], "texture": "#8"},
				"west": {"uv": [2, 3, 0, 16], "texture": "#8"},
				"up": {"uv": [0, 3, 2, 4], "rotation": 270, "texture": "#8"},
				"down": {"uv": [0, 15, 2, 16], "rotation": 90, "texture": "#8"}
			}
		},
		{
			"name": "side_appendix_2",
			"from": [16, 0, 0],
			"to": [17, 13, 2],
			"rotation": {"angle": 0, "axis": "y", "origin": [16, 0, 16]},
			"faces": {
				"north": {"uv": [15, 3, 16, 16], "texture": "#8"},
				"east": {"uv": [14, 3, 16, 16], "texture": "#8"},
				"south": {"uv": [14, 3, 15, 16], "texture": "#8"},
				"west": {"uv": [16, 3, 14, 16], "texture": "#8"},
				"up": {"uv": [14, 3, 16, 4], "rotation": 270, "texture": "#8"},
				"down": {"uv": [14, 15, 16, 16], "rotation": 90, "texture": "#8"}
			}
		},
		{
			"name": "side_appendix_3",
			"from": [16, 0, 2],
			"to": [17, 3, 14],
			"rotation": {"angle": 0, "axis": "y", "origin": [16, 0, 16]},
			"faces": {
				"north": {"uv": [13, 13, 14, 16], "texture": "#8"},
				"east": {"uv": [2, 13, 14, 16], "texture": "#8"},
				"south": {"uv": [2, 13, 3, 16], "texture": "#8"},
				"west": {"uv": [14, 13, 2, 16], "texture": "#8"},
				"up": {"uv": [2, 13, 14, 14], "rotation": 270, "texture": "#8"},
				"down": {"uv": [2, 15, 14, 16], "rotation": 90, "texture": "#8"}
			}
		},
		{
			"name": "tools_0",
			"from": [16.5, 6.7, 16.5],
			"to": [17, 7.2, 20],
			"rotation": {"angle": 45, "axis": "x", "origin": [18, 13.7, 12]},
			"faces": {
				"north": {"uv": [5.5, 3, 6, 3.5], "rotation": 90, "texture": "#9"},
				"east": {"uv": [6, 0, 5.5, 3.5], "rotation": 270, "texture": "#9"},
				"south": {"uv": [5.5, 0, 6, 0.5], "rotation": 90, "texture": "#9"},
				"west": {"uv": [5.5, 0, 6, 3.5], "rotation": 90, "texture": "#9"},
				"up": {"uv": [5.5, 0, 6, 3.5], "rotation": 180, "texture": "#9"},
				"down": {"uv": [5.5, 0, 6, 3.5], "texture": "#9"}
			}
		},
		{
			"name": "tools_1",
			"from": [16.5, 7.2, 16],
			"to": [17, 7.7, 19.5],
			"rotation": {"angle": 45, "axis": "x", "origin": [18, 13.7, 12]},
			"faces": {
				"north": {"uv": [5, 3.5, 5.5, 4], "rotation": 90, "texture": "#9"},
				"east": {"uv": [5.5, 0.5, 5, 4], "rotation": 270, "texture": "#9"},
				"south": {"uv": [5, 0.5, 5.5, 1], "rotation": 90, "texture": "#9"},
				"west": {"uv": [5, 0.5, 5.5, 4], "rotation": 90, "texture": "#9"},
				"up": {"uv": [5, 0.5, 5.5, 4], "rotation": 180, "texture": "#9"},
				"down": {"uv": [5, 0.5, 5.5, 4], "texture": "#9"}
			}
		},
		{
			"name": "tools_2",
			"from": [16.5, 6.2, 16],
			"to": [17, 6.7, 19.5],
			"rotation": {"angle": 45, "axis": "x", "origin": [18, 13.7, 12]},
			"faces": {
				"north": {"uv": [6, 3.5, 6.5, 4], "rotation": 90, "texture": "#9"},
				"east": {"uv": [6.5, 0.5, 6, 4], "rotation": 270, "texture": "#9"},
				"south": {"uv": [6, 0.5, 6.5, 1], "rotation": 90, "texture": "#9"},
				"west": {"uv": [6, 0.5, 6.5, 4], "rotation": 90, "texture": "#9"},
				"up": {"uv": [6, 0.5, 6.5, 4], "rotation": 180, "texture": "#9"},
				"down": {"uv": [6, 0.5, 6.5, 4], "texture": "#9"}
			}
		},
		{
			"name": "tools_3",
			"from": [16.5, 7.7, 17.5],
			"to": [17, 8.2, 19],
			"rotation": {"angle": 45, "axis": "x", "origin": [18, 13.7, 12]},
			"faces": {
				"north": {"uv": [4.5, 2, 5, 2.5], "rotation": 90, "texture": "#9"},
				"east": {"uv": [5, 1, 4.5, 2.5], "rotation": 270, "texture": "#9"},
				"south": {"uv": [4.5, 1, 5, 1.5], "rotation": 90, "texture": "#9"},
				"west": {"uv": [4.5, 1, 5, 2.5], "rotation": 90, "texture": "#9"},
				"up": {"uv": [4.5, 1, 5, 2.5], "rotation": 180, "texture": "#9"},
				"down": {"uv": [4.5, 1, 5, 2.5], "texture": "#9"}
			}
		},
		{
			"name": "tools_4",
			"from": [16.5, 5.7, 15.5],
			"to": [17, 6.2, 19],
			"rotation": {"angle": 45, "axis": "x", "origin": [18, 13.7, 12]},
			"faces": {
				"north": {"uv": [6.5, 4, 7, 4.5], "rotation": 90, "texture": "#9"},
				"east": {"uv": [7, 1, 6.5, 4.5], "rotation": 270, "texture": "#9"},
				"south": {"uv": [6.5, 1, 7, 1.5], "rotation": 90, "texture": "#9"},
				"west": {"uv": [6.5, 1, 7, 4.5], "rotation": 90, "texture": "#9"},
				"up": {"uv": [6.5, 1, 7, 4.5], "rotation": 180, "texture": "#9"},
				"down": {"uv": [6.5, 1, 7, 4.5], "texture": "#9"}
			}
		},
		{
			"name": "tools_5",
			"from": [16.5, 8.2, 18],
			"to": [17, 8.7, 18.5],
			"rotation": {"angle": 45, "axis": "x", "origin": [18, 13.7, 12]},
			"faces": {
				"north": {"uv": [4, 1.5, 4.5, 2], "rotation": 90, "texture": "#9"},
				"east": {"uv": [4.5, 1.5, 4, 2], "rotation": 270, "texture": "#9"},
				"south": {"uv": [4, 1.5, 4.5, 2], "rotation": 90, "texture": "#9"},
				"west": {"uv": [4, 1.5, 4.5, 2], "rotation": 90, "texture": "#9"},
				"up": {"uv": [4, 1.5, 4.5, 2], "rotation": 180, "texture": "#9"},
				"down": {"uv": [4, 1.5, 4.5, 2], "texture": "#9"}
			}
		},
		{
			"name": "tools_6",
			"from": [16.5, 5.2, 16],
			"to": [17, 5.7, 18.5],
			"rotation": {"angle": 45, "axis": "x", "origin": [18, 13.7, 12]},
			"faces": {
				"north": {"uv": [7, 3.5, 7.5, 4], "rotation": 90, "texture": "#9"},
				"east": {"uv": [7.5, 1.5, 7, 4], "rotation": 270, "texture": "#9"},
				"south": {"uv": [7, 1.5, 7.5, 2], "rotation": 90, "texture": "#9"},
				"west": {"uv": [7, 1.5, 7.5, 4], "rotation": 90, "texture": "#9"},
				"up": {"uv": [7, 1.5, 7.5, 4], "rotation": 180, "texture": "#9"},
				"down": {"uv": [7, 1.5, 7.5, 4], "texture": "#9"}
			}
		},
		{
			"name": "tools_7",
			"from": [16.5, 4.7, 16.5],
			"to": [17, 5.2, 18],
			"rotation": {"angle": 45, "axis": "x", "origin": [18, 13.7, 12]},
			"faces": {
				"north": {"uv": [7.5, 3, 8, 3.5], "rotation": 90, "texture": "#9"},
				"east": {"uv": [8, 2, 7.5, 3.5], "rotation": 270, "texture": "#9"},
				"south": {"uv": [7.5, 2, 8, 2.5], "rotation": 90, "texture": "#9"},
				"west": {"uv": [7.5, 2, 8, 3.5], "rotation": 90, "texture": "#9"},
				"up": {"uv": [7.5, 2, 8, 3.5], "rotation": 180, "texture": "#9"},
				"down": {"uv": [7.5, 2, 8, 3.5], "texture": "#9"}
			}
		},
		{
			"name": "tools_8",
			"from": [16.5, 4.2, 17],
			"to": [17, 4.7, 17.5],
			"rotation": {"angle": 45, "axis": "x", "origin": [18, 13.7, 12]},
			"faces": {
				"north": {"uv": [8, 2.5, 8.5, 3], "rotation": 90, "texture": "#9"},
				"east": {"uv": [8.5, 2.5, 8, 3], "rotation": 270, "texture": "#9"},
				"south": {"uv": [8, 2.5, 8.5, 3], "rotation": 90, "texture": "#9"},
				"west": {"uv": [8, 2.5, 8.5, 3], "rotation": 90, "texture": "#9"},
				"up": {"uv": [8, 2.5, 8.5, 3], "rotation": 180, "texture": "#9"},
				"down": {"uv": [8, 2.5, 8.5, 3], "texture": "#9"}
			}
		},
		{
			"name": "tools_9",
			"from": [16.5, 7.7, 15.5],
			"to": [17, 8.2, 17],
			"rotation": {"angle": 45, "axis": "x", "origin": [18, 13.7, 12]},
			"faces": {
				"north": {"uv": [4.5, 4, 5, 4.5], "rotation": 90, "texture": "#9"},
				"east": {"uv": [5, 3, 4.5, 4.5], "rotation": 270, "texture": "#9"},
				"south": {"uv": [4.5, 3, 5, 3.5], "rotation": 90, "texture": "#9"},
				"west": {"uv": [4.5, 3, 5, 4.5], "rotation": 90, "texture": "#9"},
				"up": {"uv": [4.5, 3, 5, 4.5], "rotation": 180, "texture": "#9"},
				"down": {"uv": [4.5, 3, 5, 4.5], "texture": "#9"}
			}
		},
		{
			"name": "tools_10",
			"from": [16.5, 8.2, 15],
			"to": [17, 8.7, 16.5],
			"rotation": {"angle": 45, "axis": "x", "origin": [18, 13.7, 12]},
			"faces": {
				"north": {"uv": [4, 4.5, 4.5, 5], "rotation": 90, "texture": "#9"},
				"east": {"uv": [4.5, 3.5, 4, 5], "rotation": 270, "texture": "#9"},
				"south": {"uv": [4, 3.5, 4.5, 4], "rotation": 90, "texture": "#9"},
				"west": {"uv": [4, 3.5, 4.5, 5], "rotation": 90, "texture": "#9"},
				"up": {"uv": [4, 3.5, 4.5, 5], "rotation": 180, "texture": "#9"},
				"down": {"uv": [4, 3.5, 4.5, 5], "texture": "#9"}
			}
		},
		{
			"name": "tools_11",
			"from": [16.5, 8.7, 14.5],
			"to": [17, 9.2, 16],
			"rotation": {"angle": 45, "axis": "x", "origin": [18, 13.7, 12]},
			"faces": {
				"north": {"uv": [3.5, 5, 4, 5.5], "rotation": 90, "texture": "#9"},
				"east": {"uv": [4, 4, 3.5, 5.5], "rotation": 270, "texture": "#9"},
				"south": {"uv": [3.5, 4, 4, 4.5], "rotation": 90, "texture": "#9"},
				"west": {"uv": [3.5, 4, 4, 5.5], "rotation": 90, "texture": "#9"},
				"up": {"uv": [3.5, 4, 4, 5.5], "rotation": 180, "texture": "#9"},
				"down": {"uv": [3.5, 4, 4, 5.5], "texture": "#9"}
			}
		},
		{
			"name": "tools_12",
			"from": [16.5, 9.2, 14],
			"to": [17, 9.7, 15.5],
			"rotation": {"angle": 45, "axis": "x", "origin": [18, 13.7, 12]},
			"faces": {
				"north": {"uv": [3, 5.5, 3.5, 6], "rotation": 90, "texture": "#9"},
				"east": {"uv": [3.5, 4.5, 3, 6], "rotation": 270, "texture": "#9"},
				"south": {"uv": [3, 4.5, 3.5, 5], "rotation": 90, "texture": "#9"},
				"west": {"uv": [3, 4.5, 3.5, 6], "rotation": 90, "texture": "#9"},
				"up": {"uv": [3, 4.5, 3.5, 6], "rotation": 180, "texture": "#9"},
				"down": {"uv": [3, 4.5, 3.5, 6], "texture": "#9"}
			}
		},
		{
			"name": "tools_13",
			"from": [16.5, 9.7, 13.5],
			"to": [17, 10.2, 15],
			"rotation": {"angle": 45, "axis": "x", "origin": [18, 13.7, 12]},
			"faces": {
				"north": {"uv": [2.5, 6, 3, 6.5], "rotation": 90, "texture": "#9"},
				"east": {"uv": [3, 5, 2.5, 6.5], "rotation": 270, "texture": "#9"},
				"south": {"uv": [2.5, 5, 3, 5.5], "rotation": 90, "texture": "#9"},
				"west": {"uv": [2.5, 5, 3, 6.5], "rotation": 90, "texture": "#9"},
				"up": {"uv": [2.5, 5, 3, 6.5], "rotation": 180, "texture": "#9"},
				"down": {"uv": [2.5, 5, 3, 6.5], "texture": "#9"}
			}
		},
		{
			"name": "tools_14",
			"from": [16.5, 10.2, 13],
			"to": [17, 10.7, 14.5],
			"rotation": {"angle": 45, "axis": "x", "origin": [18, 13.7, 12]},
			"faces": {
				"north": {"uv": [2, 6.5, 2.5, 7], "rotation": 90, "texture": "#9"},
				"east": {"uv": [2.5, 5.5, 2, 7], "rotation": 270, "texture": "#9"},
				"south": {"uv": [2, 5.5, 2.5, 6], "rotation": 90, "texture": "#9"},
				"west": {"uv": [2, 5.5, 2.5, 7], "rotation": 90, "texture": "#9"},
				"up": {"uv": [2, 5.5, 2.5, 7], "rotation": 180, "texture": "#9"},
				"down": {"uv": [2, 5.5, 2.5, 7], "texture": "#9"}
			}
		},
		{
			"name": "tools_15",
			"from": [16.5, 10.7, 12.5],
			"to": [17, 11.2, 14],
			"rotation": {"angle": 45, "axis": "x", "origin": [18, 13.7, 12]},
			"faces": {
				"north": {"uv": [1.5, 7, 2, 7.5], "rotation": 90, "texture": "#9"},
				"east": {"uv": [2, 6, 1.5, 7.5], "rotation": 270, "texture": "#9"},
				"south": {"uv": [1.5, 6, 2, 6.5], "rotation": 90, "texture": "#9"},
				"west": {"uv": [1.5, 6, 2, 7.5], "rotation": 90, "texture": "#9"},
				"up": {"uv": [1.5, 6, 2, 7.5], "rotation": 180, "texture": "#9"},
				"down": {"uv": [1.5, 6, 2, 7.5], "texture": "#9"}
			}
		},
		{
			"name": "tools_16",
			"from": [16.5, 11.2, 12],
			"to": [17, 11.7, 13.5],
			"rotation": {"angle": 45, "axis": "x", "origin": [18, 13.7, 12]},
			"faces": {
				"north": {"uv": [1, 7.5, 1.5, 8], "rotation": 90, "texture": "#9"},
				"east": {"uv": [1.5, 6.5, 1, 8], "rotation": 270, "texture": "#9"},
				"south": {"uv": [1, 6.5, 1.5, 7], "rotation": 90, "texture": "#9"},
				"west": {"uv": [1, 6.5, 1.5, 8], "rotation": 90, "texture": "#9"},
				"up": {"uv": [1, 6.5, 1.5, 8], "rotation": 180, "texture": "#9"},
				"down": {"uv": [1, 6.5, 1.5, 8], "texture": "#9"}
			}
		},
		{
			"name": "tools_17",
			"from": [16.5, 11.7, 11.5],
			"to": [17, 12.2, 13],
			"rotation": {"angle": 45, "axis": "x", "origin": [18, 13.7, 12]},
			"faces": {
				"north": {"uv": [0.5, 8, 1, 8.5], "rotation": 90, "texture": "#9"},
				"east": {"uv": [1, 7, 0.5, 8.5], "rotation": 270, "texture": "#9"},
				"south": {"uv": [0.5, 7, 1, 7.5], "rotation": 90, "texture": "#9"},
				"west": {"uv": [0.5, 7, 1, 8.5], "rotation": 90, "texture": "#9"},
				"up": {"uv": [0.5, 7, 1, 8.5], "rotation": 180, "texture": "#9"},
				"down": {"uv": [0.5, 7, 1, 8.5], "texture": "#9"}
			}
		},
		{
			"name": "tools_18",
			"from": [16.5, 12.2, 11.5],
			"to": [17, 12.7, 12.5],
			"rotation": {"angle": 45, "axis": "x", "origin": [18, 13.7, 12]},
			"faces": {
				"north": {"uv": [0, 8, 0.5, 8.5], "rotation": 90, "texture": "#9"},
				"east": {"uv": [0.5, 7.5, 0, 8.5], "rotation": 270, "texture": "#9"},
				"south": {"uv": [0, 7.5, 0.5, 8], "rotation": 90, "texture": "#9"},
				"west": {"uv": [0, 7.5, 0.5, 8.5], "rotation": 90, "texture": "#9"},
				"up": {"uv": [0, 7.5, 0.5, 8.5], "rotation": 180, "texture": "#9"},
				"down": {"uv": [0, 7.5, 0.5, 8.5], "texture": "#9"}
			}
		},
		{
			"name": "tools_19",
			"from": [16.5, 6, 16],
			"to": [17, 7.5, 17.5],
			"rotation": {"angle": 45, "axis": "x", "origin": [17, 18, 10]},
			"faces": {
				"north": {"uv": [10.5, 9.5, 12, 10], "rotation": 90, "texture": "#9"},
				"east": {"uv": [12, 8.5, 10.5, 10], "rotation": 270, "texture": "#9"},
				"south": {"uv": [10.5, 8.5, 12, 9], "rotation": 90, "texture": "#9"},
				"west": {"uv": [10.5, 8.5, 12, 10], "rotation": 90, "texture": "#9"},
				"up": {"uv": [10.5, 8.5, 11, 10], "rotation": 180, "texture": "#9"},
				"down": {"uv": [11.5, 8.5, 12, 10], "texture": "#9"}
			}
		},
		{
			"name": "tools_20",
			"from": [16.5, 7.5, 14.5],
			"to": [17, 8, 17],
			"rotation": {"angle": 45, "axis": "x", "origin": [17, 18, 10]},
			"faces": {
				"north": {"uv": [10, 11, 10.5, 11.5], "rotation": 90, "texture": "#9"},
				"east": {"uv": [10.5, 9, 10, 11.5], "rotation": 270, "texture": "#9"},
				"south": {"uv": [10, 9, 10.5, 9.5], "rotation": 90, "texture": "#9"},
				"west": {"uv": [10, 9, 10.5, 11.5], "rotation": 90, "texture": "#9"},
				"up": {"uv": [10, 9, 10.5, 11.5], "rotation": 180, "texture": "#9"},
				"down": {"uv": [10, 9, 10.5, 11.5], "texture": "#9"}
			}
		},
		{
			"name": "tools_21",
			"from": [16.5, 8, 14],
			"to": [17, 8.5, 16.5],
			"rotation": {"angle": 45, "axis": "x", "origin": [17, 18, 10]},
			"faces": {
				"north": {"uv": [9.5, 11.5, 10, 12], "rotation": 90, "texture": "#9"},
				"east": {"uv": [10, 9.5, 9.5, 12], "rotation": 270, "texture": "#9"},
				"south": {"uv": [9.5, 9.5, 10, 10], "rotation": 90, "texture": "#9"},
				"west": {"uv": [9.5, 9.5, 10, 12], "rotation": 90, "texture": "#9"},
				"up": {"uv": [9.5, 9.5, 10, 12], "rotation": 180, "texture": "#9"},
				"down": {"uv": [9.5, 9.5, 10, 12], "texture": "#9"}
			}
		},
		{
			"name": "tools_22",
			"from": [16.5, 8.5, 13.5],
			"to": [17, 9, 16],
			"rotation": {"angle": 45, "axis": "x", "origin": [17, 18, 10]},
			"faces": {
				"north": {"uv": [9, 12, 9.5, 12.5], "rotation": 90, "texture": "#9"},
				"east": {"uv": [9.5, 10, 9, 12.5], "rotation": 270, "texture": "#9"},
				"south": {"uv": [9, 10, 9.5, 10.5], "rotation": 90, "texture": "#9"},
				"west": {"uv": [9, 10, 9.5, 12.5], "rotation": 90, "texture": "#9"},
				"up": {"uv": [9, 10, 9.5, 12.5], "rotation": 180, "texture": "#9"},
				"down": {"uv": [9, 10, 9.5, 12.5], "texture": "#9"}
			}
		},
		{
			"name": "tools_23",
			"from": [16.5, 6.5, 15.5],
			"to": [17, 7.5, 16],
			"rotation": {"angle": 45, "axis": "x", "origin": [17, 18, 10]},
			"faces": {
				"north": {"uv": [10.5, 10, 11.5, 10.5], "rotation": 90, "texture": "#9"},
				"east": {"uv": [11.5, 10, 10.5, 10.5], "rotation": 270, "texture": "#9"},
				"south": {"uv": [10.5, 10, 11.5, 10.5], "rotation": 90, "texture": "#9"},
				"west": {"uv": [10.5, 10, 11.5, 10.5], "rotation": 90, "texture": "#9"},
				"up": {"uv": [10.5, 10, 11, 10.5], "rotation": 180, "texture": "#9"},
				"down": {"uv": [11, 10, 11.5, 10.5], "texture": "#9"}
			}
		},
		{
			"name": "tools_24",
			"from": [16.5, 9, 13.5],
			"to": [17, 9.5, 15.5],
			"rotation": {"angle": 45, "axis": "x", "origin": [17, 18, 10]},
			"faces": {
				"north": {"uv": [8.5, 12, 9, 12.5], "rotation": 90, "texture": "#9"},
				"east": {"uv": [9, 10.5, 8.5, 12.5], "rotation": 270, "texture": "#9"},
				"south": {"uv": [8.5, 10.5, 9, 11], "rotation": 90, "texture": "#9"},
				"west": {"uv": [8.5, 10.5, 9, 12.5], "rotation": 90, "texture": "#9"},
				"up": {"uv": [8.5, 10.5, 9, 12.5], "rotation": 180, "texture": "#9"},
				"down": {"uv": [8.5, 10.5, 9, 12.5], "texture": "#9"}
			}
		},
		{
			"name": "tools_25",
			"from": [16.5, 7, 15],
			"to": [17, 7.5, 15.5],
			"rotation": {"angle": 45, "axis": "x", "origin": [17, 18, 10]},
			"faces": {
				"north": {"uv": [10.5, 10.5, 11, 11], "rotation": 90, "texture": "#9"},
				"east": {"uv": [11, 10.5, 10.5, 11], "rotation": 270, "texture": "#9"},
				"south": {"uv": [10.5, 10.5, 11, 11], "rotation": 90, "texture": "#9"},
				"west": {"uv": [10.5, 10.5, 11, 11], "rotation": 90, "texture": "#9"},
				"up": {"uv": [10.5, 10.5, 11, 11], "rotation": 180, "texture": "#9"},
				"down": {"uv": [10.5, 10.5, 11, 11], "texture": "#9"}
			}
		},
		{
			"name": "tools_26",
			"from": [16.5, 9.5, 13],
			"to": [17, 10, 15],
			"rotation": {"angle": 45, "axis": "x", "origin": [17, 18, 10]},
			"faces": {
				"north": {"uv": [8, 12.5, 8.5, 13], "rotation": 90, "texture": "#9"},
				"east": {"uv": [8.5, 11, 8, 13], "rotation": 270, "texture": "#9"},
				"south": {"uv": [8, 11, 8.5, 11.5], "rotation": 90, "texture": "#9"},
				"west": {"uv": [8, 11, 8.5, 13], "rotation": 90, "texture": "#9"},
				"up": {"uv": [8, 11, 8.5, 13], "rotation": 180, "texture": "#9"},
				"down": {"uv": [8, 11, 8.5, 13], "texture": "#9"}
			}
		},
		{
			"name": "tools_27",
			"from": [16.5, 10, 12.5],
			"to": [17, 10.5, 14],
			"rotation": {"angle": 45, "axis": "x", "origin": [17, 18, 10]},
			"faces": {
				"north": {"uv": [7.5, 13, 8, 13.5], "rotation": 90, "texture": "#9"},
				"east": {"uv": [8, 12, 7.5, 13.5], "rotation": 270, "texture": "#9"},
				"south": {"uv": [7.5, 12, 8, 12.5], "rotation": 90, "texture": "#9"},
				"west": {"uv": [7.5, 12, 8, 13.5], "rotation": 90, "texture": "#9"},
				"up": {"uv": [7.5, 12, 8, 13.5], "rotation": 180, "texture": "#9"},
				"down": {"uv": [7.5, 12, 8, 13.5], "texture": "#9"}
			}
		},
		{
			"name": "tools_28",
			"from": [16.5, 10.5, 12],
			"to": [17, 11, 13.5],
			"rotation": {"angle": 45, "axis": "x", "origin": [17, 18, 10]},
			"faces": {
				"north": {"uv": [7, 13.5, 7.5, 14], "rotation": 90, "texture": "#9"},
				"east": {"uv": [7.5, 12.5, 7, 14], "rotation": 270, "texture": "#9"},
				"south": {"uv": [7, 12.5, 7.5, 13], "rotation": 90, "texture": "#9"},
				"west": {"uv": [7, 12.5, 7.5, 14], "rotation": 90, "texture": "#9"},
				"up": {"uv": [7, 12.5, 7.5, 14], "rotation": 180, "texture": "#9"},
				"down": {"uv": [7, 12.5, 7.5, 14], "texture": "#9"}
			}
		},
		{
			"name": "tools_29",
			"from": [16.5, 11, 12],
			"to": [17, 11.5, 13],
			"rotation": {"angle": 45, "axis": "x", "origin": [17, 18, 10]},
			"faces": {
				"north": {"uv": [6.5, 13.5, 7, 14], "rotation": 90, "texture": "#9"},
				"east": {"uv": [7, 13, 6.5, 14], "rotation": 270, "texture": "#9"},
				"south": {"uv": [6.5, 13, 7, 13.5], "rotation": 90, "texture": "#9"},
				"west": {"uv": [6.5, 13, 7, 14], "rotation": 90, "texture": "#9"},
				"up": {"uv": [6.5, 13, 7, 14], "rotation": 180, "texture": "#9"},
				"down": {"uv": [6.5, 13, 7, 14], "texture": "#9"}
			}
		},
		{
			"name": "tools_19",
			"from": [16.5, 6, 13],
			"to": [17, 7.5, 14.5],
			"rotation": {"angle": 45, "axis": "x", "origin": [17, 18, 7]},
			"faces": {
				"north": {"uv": [10.5, 9.5, 12, 10], "rotation": 90, "texture": "#9"},
				"east": {"uv": [12, 8.5, 10.5, 10], "rotation": 270, "texture": "#9"},
				"south": {"uv": [10.5, 8.5, 12, 9], "rotation": 90, "texture": "#9"},
				"west": {"uv": [10.5, 8.5, 12, 10], "rotation": 90, "texture": "#9"},
				"up": {"uv": [10.5, 8.5, 11, 10], "rotation": 180, "texture": "#9"},
				"down": {"uv": [11.5, 8.5, 12, 10], "texture": "#9"}
			}
		},
		{
			"name": "tools_20",
			"from": [16.5, 7.5, 11.5],
			"to": [17, 8, 14],
			"rotation": {"angle": 45, "axis": "x", "origin": [17, 18, 7]},
			"faces": {
				"north": {"uv": [10, 11, 10.5, 11.5], "rotation": 90, "texture": "#9"},
				"east": {"uv": [10.5, 9, 10, 11.5], "rotation": 270, "texture": "#9"},
				"south": {"uv": [10, 9, 10.5, 9.5], "rotation": 90, "texture": "#9"},
				"west": {"uv": [10, 9, 10.5, 11.5], "rotation": 90, "texture": "#9"},
				"up": {"uv": [10, 9, 10.5, 11.5], "rotation": 180, "texture": "#9"},
				"down": {"uv": [10, 9, 10.5, 11.5], "texture": "#9"}
			}
		},
		{
			"name": "tools_21",
			"from": [16.5, 8, 11],
			"to": [17, 8.5, 13.5],
			"rotation": {"angle": 45, "axis": "x", "origin": [17, 18, 7]},
			"faces": {
				"north": {"uv": [9.5, 11.5, 10, 12], "rotation": 90, "texture": "#9"},
				"east": {"uv": [10, 9.5, 9.5, 12], "rotation": 270, "texture": "#9"},
				"south": {"uv": [9.5, 9.5, 10, 10], "rotation": 90, "texture": "#9"},
				"west": {"uv": [9.5, 9.5, 10, 12], "rotation": 90, "texture": "#9"},
				"up": {"uv": [9.5, 9.5, 10, 12], "rotation": 180, "texture": "#9"},
				"down": {"uv": [9.5, 9.5, 10, 12], "texture": "#9"}
			}
		},
		{
			"name": "tools_22",
			"from": [16.5, 8.5, 10.5],
			"to": [17, 9, 13],
			"rotation": {"angle": 45, "axis": "x", "origin": [17, 18, 7]},
			"faces": {
				"north": {"uv": [9, 12, 9.5, 12.5], "rotation": 90, "texture": "#9"},
				"east": {"uv": [9.5, 10, 9, 12.5], "rotation": 270, "texture": "#9"},
				"south": {"uv": [9, 10, 9.5, 10.5], "rotation": 90, "texture": "#9"},
				"west": {"uv": [9, 10, 9.5, 12.5], "rotation": 90, "texture": "#9"},
				"up": {"uv": [9, 10, 9.5, 12.5], "rotation": 180, "texture": "#9"},
				"down": {"uv": [9, 10, 9.5, 12.5], "texture": "#9"}
			}
		},
		{
			"name": "tools_23",
			"from": [16.5, 6.5, 12.5],
			"to": [17, 7.5, 13],
			"rotation": {"angle": 45, "axis": "x", "origin": [17, 18, 7]},
			"faces": {
				"north": {"uv": [10.5, 10, 11.5, 10.5], "rotation": 90, "texture": "#9"},
				"east": {"uv": [11.5, 10, 10.5, 10.5], "rotation": 270, "texture": "#9"},
				"south": {"uv": [10.5, 10, 11.5, 10.5], "rotation": 90, "texture": "#9"},
				"west": {"uv": [10.5, 10, 11.5, 10.5], "rotation": 90, "texture": "#9"},
				"up": {"uv": [10.5, 10, 11, 10.5], "rotation": 180, "texture": "#9"},
				"down": {"uv": [11, 10, 11.5, 10.5], "texture": "#9"}
			}
		},
		{
			"name": "tools_24",
			"from": [16.5, 9, 10.5],
			"to": [17, 9.5, 12.5],
			"rotation": {"angle": 45, "axis": "x", "origin": [17, 18, 7]},
			"faces": {
				"north": {"uv": [8.5, 12, 9, 12.5], "rotation": 90, "texture": "#9"},
				"east": {"uv": [9, 10.5, 8.5, 12.5], "rotation": 270, "texture": "#9"},
				"south": {"uv": [8.5, 10.5, 9, 11], "rotation": 90, "texture": "#9"},
				"west": {"uv": [8.5, 10.5, 9, 12.5], "rotation": 90, "texture": "#9"},
				"up": {"uv": [8.5, 10.5, 9, 12.5], "rotation": 180, "texture": "#9"},
				"down": {"uv": [8.5, 10.5, 9, 12.5], "texture": "#9"}
			}
		},
		{
			"name": "tools_25",
			"from": [16.5, 7, 12],
			"to": [17, 7.5, 12.5],
			"rotation": {"angle": 45, "axis": "x", "origin": [17, 18, 7]},
			"faces": {
				"north": {"uv": [10.5, 10.5, 11, 11], "rotation": 90, "texture": "#9"},
				"east": {"uv": [11, 10.5, 10.5, 11], "rotation": 270, "texture": "#9"},
				"south": {"uv": [10.5, 10.5, 11, 11], "rotation": 90, "texture": "#9"},
				"west": {"uv": [10.5, 10.5, 11, 11], "rotation": 90, "texture": "#9"},
				"up": {"uv": [10.5, 10.5, 11, 11], "rotation": 180, "texture": "#9"},
				"down": {"uv": [10.5, 10.5, 11, 11], "texture": "#9"}
			}
		},
		{
			"name": "tools_26",
			"from": [16.5, 9.5, 10],
			"to": [17, 10, 12],
			"rotation": {"angle": 45, "axis": "x", "origin": [17, 18, 7]},
			"faces": {
				"north": {"uv": [8, 12.5, 8.5, 13], "rotation": 90, "texture": "#9"},
				"east": {"uv": [8.5, 11, 8, 13], "rotation": 270, "texture": "#9"},
				"south": {"uv": [8, 11, 8.5, 11.5], "rotation": 90, "texture": "#9"},
				"west": {"uv": [8, 11, 8.5, 13], "rotation": 90, "texture": "#9"},
				"up": {"uv": [8, 11, 8.5, 13], "rotation": 180, "texture": "#9"},
				"down": {"uv": [8, 11, 8.5, 13], "texture": "#9"}
			}
		},
		{
			"name": "tools_27",
			"from": [16.5, 10, 9.5],
			"to": [17, 10.5, 11],
			"rotation": {"angle": 45, "axis": "x", "origin": [17, 18, 7]},
			"faces": {
				"north": {"uv": [7.5, 13, 8, 13.5], "rotation": 90, "texture": "#9"},
				"east": {"uv": [8, 12, 7.5, 13.5], "rotation": 270, "texture": "#9"},
				"south": {"uv": [7.5, 12, 8, 12.5], "rotation": 90, "texture": "#9"},
				"west": {"uv": [7.5, 12, 8, 13.5], "rotation": 90, "texture": "#9"},
				"up": {"uv": [7.5, 12, 8, 13.5], "rotation": 180, "texture": "#9"},
				"down": {"uv": [7.5, 12, 8, 13.5], "texture": "#9"}
			}
		},
		{
			"name": "tools_28",
			"from": [16.5, 10.5, 9],
			"to": [17, 11, 10.5],
			"rotation": {"angle": 45, "axis": "x", "origin": [17, 18, 7]},
			"faces": {
				"north": {"uv": [7, 13.5, 7.5, 14], "rotation": 90, "texture": "#9"},
				"east": {"uv": [7.5, 12.5, 7, 14], "rotation": 270, "texture": "#9"},
				"south": {"uv": [7, 12.5, 7.5, 13], "rotation": 90, "texture": "#9"},
				"west": {"uv": [7, 12.5, 7.5, 14], "rotation": 90, "texture": "#9"},
				"up": {"uv": [7, 12.5, 7.5, 14], "rotation": 180, "texture": "#9"},
				"down": {"uv": [7, 12.5, 7.5, 14], "texture": "#9"}
			}
		},
		{
			"name": "tools_29",
			"from": [16.5, 11, 9],
			"to": [17, 11.5, 10],
			"rotation": {"angle": 45, "axis": "x", "origin": [17, 18, 7]},
			"faces": {
				"north": {"uv": [6.5, 13.5, 7, 14], "rotation": 90, "texture": "#9"},
				"east": {"uv": [7, 13, 6.5, 14], "rotation": 270, "texture": "#9"},
				"south": {"uv": [6.5, 13, 7, 13.5], "rotation": 90, "texture": "#9"},
				"west": {"uv": [6.5, 13, 7, 14], "rotation": 90, "texture": "#9"},
				"up": {"uv": [6.5, 13, 7, 14], "rotation": 180, "texture": "#9"},
				"down": {"uv": [6.5, 13, 7, 14], "texture": "#9"}
			}
		},
		{
			"name": "tools_19",
			"from": [16.5, 6, 13],
			"to": [17, 7.5, 14.5],
			"rotation": {"angle": 45, "axis": "x", "origin": [17, 18, 7]},
			"faces": {
				"north": {"uv": [10.5, 9.5, 12, 10], "rotation": 90, "texture": "#9"},
				"east": {"uv": [12, 8.5, 10.5, 10], "rotation": 270, "texture": "#9"},
				"south": {"uv": [10.5, 8.5, 12, 9], "rotation": 90, "texture": "#9"},
				"west": {"uv": [10.5, 8.5, 12, 10], "rotation": 90, "texture": "#9"},
				"up": {"uv": [10.5, 8.5, 11, 10], "rotation": 180, "texture": "#9"},
				"down": {"uv": [11.5, 8.5, 12, 10], "texture": "#9"}
			}
		},
		{
			"name": "tools_20",
			"from": [16.5, 7.5, 11.5],
			"to": [17, 8, 14],
			"rotation": {"angle": 45, "axis": "x", "origin": [17, 18, 7]},
			"faces": {
				"north": {"uv": [10, 11, 10.5, 11.5], "rotation": 90, "texture": "#9"},
				"east": {"uv": [10.5, 9, 10, 11.5], "rotation": 270, "texture": "#9"},
				"south": {"uv": [10, 9, 10.5, 9.5], "rotation": 90, "texture": "#9"},
				"west": {"uv": [10, 9, 10.5, 11.5], "rotation": 90, "texture": "#9"},
				"up": {"uv": [10, 9, 10.5, 11.5], "rotation": 180, "texture": "#9"},
				"down": {"uv": [10, 9, 10.5, 11.5], "texture": "#9"}
			}
		},
		{
			"name": "tools_21",
			"from": [16.5, 8, 11],
			"to": [17, 8.5, 13.5],
			"rotation": {"angle": 45, "axis": "x", "origin": [17, 18, 7]},
			"faces": {
				"north": {"uv": [9.5, 11.5, 10, 12], "rotation": 90, "texture": "#9"},
				"east": {"uv": [10, 9.5, 9.5, 12], "rotation": 270, "texture": "#9"},
				"south": {"uv": [9.5, 9.5, 10, 10], "rotation": 90, "texture": "#9"},
				"west": {"uv": [9.5, 9.5, 10, 12], "rotation": 90, "texture": "#9"},
				"up": {"uv": [9.5, 9.5, 10, 12], "rotation": 180, "texture": "#9"},
				"down": {"uv": [9.5, 9.5, 10, 12], "texture": "#9"}
			}
		},
		{
			"name": "tools_22",
			"from": [16.5, 8.5, 10.5],
			"to": [17, 9, 13],
			"rotation": {"angle": 45, "axis": "x", "origin": [17, 18, 7]},
			"faces": {
				"north": {"uv": [9, 12, 9.5, 12.5], "rotation": 90, "texture": "#9"},
				"east": {"uv": [9.5, 10, 9, 12.5], "rotation": 270, "texture": "#9"},
				"south": {"uv": [9, 10, 9.5, 10.5], "rotation": 90, "texture": "#9"},
				"west": {"uv": [9, 10, 9.5, 12.5], "rotation": 90, "texture": "#9"},
				"up": {"uv": [9, 10, 9.5, 12.5], "rotation": 180, "texture": "#9"},
				"down": {"uv": [9, 10, 9.5, 12.5], "texture": "#9"}
			}
		},
		{
			"name": "tools_23",
			"from": [16.5, 6.5, 12.5],
			"to": [17, 7.5, 13],
			"rotation": {"angle": 45, "axis": "x", "origin": [17, 18, 7]},
			"faces": {
				"north": {"uv": [10.5, 10, 11.5, 10.5], "rotation": 90, "texture": "#9"},
				"east": {"uv": [11.5, 10, 10.5, 10.5], "rotation": 270, "texture": "#9"},
				"south": {"uv": [10.5, 10, 11.5, 10.5], "rotation": 90, "texture": "#9"},
				"west": {"uv": [10.5, 10, 11.5, 10.5], "rotation": 90, "texture": "#9"},
				"up": {"uv": [10.5, 10, 11, 10.5], "rotation": 180, "texture": "#9"},
				"down": {"uv": [11, 10, 11.5, 10.5], "texture": "#9"}
			}
		},
		{
			"name": "tools_24",
			"from": [16.5, 9, 10.5],
			"to": [17, 9.5, 12.5],
			"rotation": {"angle": 45, "axis": "x", "origin": [17, 18, 7]},
			"faces": {
				"north": {"uv": [8.5, 12, 9, 12.5], "rotation": 90, "texture": "#9"},
				"east": {"uv": [9, 10.5, 8.5, 12.5], "rotation": 270, "texture": "#9"},
				"south": {"uv": [8.5, 10.5, 9, 11], "rotation": 90, "texture": "#9"},
				"west": {"uv": [8.5, 10.5, 9, 12.5], "rotation": 90, "texture": "#9"},
				"up": {"uv": [8.5, 10.5, 9, 12.5], "rotation": 180, "texture": "#9"},
				"down": {"uv": [8.5, 10.5, 9, 12.5], "texture": "#9"}
			}
		},
		{
			"name": "tools_25",
			"from": [16.5, 7, 12],
			"to": [17, 7.5, 12.5],
			"rotation": {"angle": 45, "axis": "x", "origin": [17, 18, 7]},
			"faces": {
				"north": {"uv": [10.5, 10.5, 11, 11], "rotation": 90, "texture": "#9"},
				"east": {"uv": [11, 10.5, 10.5, 11], "rotation": 270, "texture": "#9"},
				"south": {"uv": [10.5, 10.5, 11, 11], "rotation": 90, "texture": "#9"},
				"west": {"uv": [10.5, 10.5, 11, 11], "rotation": 90, "texture": "#9"},
				"up": {"uv": [10.5, 10.5, 11, 11], "rotation": 180, "texture": "#9"},
				"down": {"uv": [10.5, 10.5, 11, 11], "texture": "#9"}
			}
		},
		{
			"name": "tools_26",
			"from": [16.5, 9.5, 10],
			"to": [17, 10, 12],
			"rotation": {"angle": 45, "axis": "x", "origin": [17, 18, 7]},
			"faces": {
				"north": {"uv": [8, 12.5, 8.5, 13], "rotation": 90, "texture": "#9"},
				"east": {"uv": [8.5, 11, 8, 13], "rotation": 270, "texture": "#9"},
				"south": {"uv": [8, 11, 8.5, 11.5], "rotation": 90, "texture": "#9"},
				"west": {"uv": [8, 11, 8.5, 13], "rotation": 90, "texture": "#9"},
				"up": {"uv": [8, 11, 8.5, 13], "rotation": 180, "texture": "#9"},
				"down": {"uv": [8, 11, 8.5, 13], "texture": "#9"}
			}
		},
		{
			"name": "tools_27",
			"from": [16.5, 10, 9.5],
			"to": [17, 10.5, 11],
			"rotation": {"angle": 45, "axis": "x", "origin": [17, 18, 7]},
			"faces": {
				"north": {"uv": [7.5, 13, 8, 13.5], "rotation": 90, "texture": "#9"},
				"east": {"uv": [8, 12, 7.5, 13.5], "rotation": 270, "texture": "#9"},
				"south": {"uv": [7.5, 12, 8, 12.5], "rotation": 90, "texture": "#9"},
				"west": {"uv": [7.5, 12, 8, 13.5], "rotation": 90, "texture": "#9"},
				"up": {"uv": [7.5, 12, 8, 13.5], "rotation": 180, "texture": "#9"},
				"down": {"uv": [7.5, 12, 8, 13.5], "texture": "#9"}
			}
		},
		{
			"name": "tools_28",
			"from": [16.5, 10.5, 9],
			"to": [17, 11, 10.5],
			"rotation": {"angle": 45, "axis": "x", "origin": [17, 18, 7]},
			"faces": {
				"north": {"uv": [7, 13.5, 7.5, 14], "rotation": 90, "texture": "#9"},
				"east": {"uv": [7.5, 12.5, 7, 14], "rotation": 270, "texture": "#9"},
				"south": {"uv": [7, 12.5, 7.5, 13], "rotation": 90, "texture": "#9"},
				"west": {"uv": [7, 12.5, 7.5, 14], "rotation": 90, "texture": "#9"},
				"up": {"uv": [7, 12.5, 7.5, 14], "rotation": 180, "texture": "#9"},
				"down": {"uv": [7, 12.5, 7.5, 14], "texture": "#9"}
			}
		},
		{
			"name": "tools_29",
			"from": [16.5, 11, 9],
			"to": [17, 11.5, 10],
			"rotation": {"angle": 45, "axis": "x", "origin": [17, 18, 7]},
			"faces": {
				"north": {"uv": [6.5, 13.5, 7, 14], "rotation": 90, "texture": "#9"},
				"east": {"uv": [7, 13, 6.5, 14], "rotation": 270, "texture": "#9"},
				"south": {"uv": [6.5, 13, 7, 13.5], "rotation": 90, "texture": "#9"},
				"west": {"uv": [6.5, 13, 7, 14], "rotation": 90, "texture": "#9"},
				"up": {"uv": [6.5, 13, 7, 14], "rotation": 180, "texture": "#9"},
				"down": {"uv": [6.5, 13, 7, 14], "texture": "#9"}
			}
		}
	],
	"display": {
		"thirdperson_righthand": {
			"rotation": [57, 41, 0],
			"translation": [0.5, 1.5, -1],
			"scale": [0.3, 0.3, 0.3]
		},
		"thirdperson_lefthand": {
			"scale": [0.3, 0.3, 0.3]
		},
		"firstperson_righthand": {
			"rotation": [1, 43, 0],
			"translation": [-2.25, 2, 1.75],
			"scale": [0.4, 0.4, 0.4]
		},
		"ground": {
			"scale": [0.3, 0.3, 0.3]
		},
		"gui": {
			"rotation": [35, 137, -1],
			"translation": [0.5, 0, 0],
			"scale": [0.65, 0.65, 0.65]
		},
		"fixed": {
			"rotation": [-90, 0, 0],
			"translation": [0, 0, -16],
			"scale": [2.02, 2.02, 2.02]
		}
	},
	"groups": [
		0,
		{
			"name": "top_appendix",
			"origin": [0, 0, 0],
			"color": 0,
			"children": [1, 2, 3, 4]
		},
		{
			"name": "front_appendix",
			"origin": [8, 8, 8],
			"color": 0,
			"children": [5, 6, 7, 8, 9, 10, 11, 12, 13, 14, 15, 16, 17, 18, 19, 20, 21, 22, 23]
		},
		{
			"name": "back_appendix",
			"origin": [8, 8, 8],
			"color": 0,
			"children": [24, 25, 26, 27, 28, 29]
		},
		{
			"name": "back_appendix",
			"origin": [8, 8, 8],
			"color": 0,
			"children": [30, 31, 32, 33, 34, 35]
		},
		{
			"name": "side_appendix",
			"origin": [8, 8, 8],
			"color": 0,
			"children": [36, 37, 38, 39]
		},
		{
			"name": "tools",
			"origin": [8, 8, 8],
			"color": 0,
			"children": [
				{
					"name": "hammer",
					"origin": [0, 0, -13],
					"color": 0,
					"children": [40, 41, 42, 43, 44, 45, 46, 47, 48, 49, 50, 51, 52, 53, 54, 55, 56, 57, 58]
				},
				{
					"name": "carving_knife",
					"origin": [0, 0, -13],
					"color": 0,
					"children": [59, 60, 61, 62, 63, 64, 65, 66, 67, 68, 69]
				},
				{
					"name": "carving_knife",
					"origin": [0, 0, -13],
					"color": 0,
					"children": [
						70,
						71,
						72,
						73,
						74,
						75,
						76,
						77,
						78,
						79,
						80,
						{
							"name": "carving_knife",
							"origin": [0, 0, -13],
							"color": 0,
							"children": [81, 82, 83, 84, 85, 86, 87, 88, 89, 90, 91]
						}
					]
				}
			]
		}
	]
}