{
	"credit": "Made with Blockbench",
	"parent": "minecraft:item/bow_pulling_0",
	"textures": {
		"0": "wep:bb_model/longbow/longbow",
		"particle": "wep:bb_model/longbow/longbow"
	},
	"elements": [
		{
			"name": "longbow_0",
			"from": [13, 12.5, 7.5],
			"to": [14, 14, 8],
			"rotation": {"angle": 0, "axis": "y", "origin": [0, 0, 7.5]},
			"faces": {
				"north": {"uv": [14, 2, 13, 3.5], "texture": "#0"},
				"east": {"uv": [13.5, 2, 14, 3.5], "texture": "#0"},
				"south": {"uv": [13, 2, 14, 3.5], "texture": "#0"},
				"west": {"uv": [13, 2, 13.5, 3.5], "texture": "#0"},
				"up": {"uv": [13, 2, 14, 2.5], "texture": "#0"},
				"down": {"uv": [13, 3, 14, 3.5], "texture": "#0"}
			}
		},
		{
			"name": "longbow_1",
			"from": [11.5, 12, 7.5],
			"to": [13, 13.5, 8],
			"rotation": {"angle": 0, "axis": "y", "origin": [0, 0, 7.5]},
			"faces": {
				"north": {"uv": [13, 2.5, 11.5, 4], "texture": "#0"},
				"east": {"uv": [12.5, 2.5, 13, 4], "texture": "#0"},
				"south": {"uv": [11.5, 2.5, 13, 4], "texture": "#0"},
				"west": {"uv": [11.5, 2.5, 12, 4], "texture": "#0"},
				"up": {"uv": [11.5, 2.5, 13, 3], "texture": "#0"},
				"down": {"uv": [11.5, 3.5, 13, 4], "texture": "#0"}
			}
		},
		{
			"name": "longbow_2",
			"from": [14, 12.5, 7.5],
			"to": [14.5, 13.5, 8],
			"rotation": {"angle": 0, "axis": "y", "origin": [0, 0, 7.5]},
			"faces": {
				"north": {"uv": [14.5, 2.5, 14, 3.5], "texture": "#0"},
				"east": {"uv": [14, 2.5, 14.5, 3.5], "texture": "#0"},
				"south": {"uv": [14, 2.5, 14.5, 3.5], "texture": "#0"},
				"west": {"uv": [14, 2.5, 14.5, 3.5], "texture": "#0"},
				"up": {"uv": [14, 2.5, 14.5, 3], "texture": "#0"},
				"down": {"uv": [14, 3, 14.5, 3.5], "texture": "#0"}
			}
		},
		{
			"name": "longbow_3",
			"from": [10, 11.5, 7.5],
			"to": [11.5, 13, 8],
			"rotation": {"angle": 0, "axis": "y", "origin": [0, 0, 7.5]},
			"faces": {
				"north": {"uv": [11.5, 3, 10, 4.5], "texture": "#0"},
				"east": {"uv": [11, 3, 11.5, 4.5], "texture": "#0"},
				"south": {"uv": [10, 3, 11.5, 4.5], "texture": "#0"},
				"west": {"uv": [10, 3, 10.5, 4.5], "texture": "#0"},
				"up": {"uv": [10, 3, 11.5, 3.5], "texture": "#0"},
				"down": {"uv": [10, 4, 11.5, 4.5], "texture": "#0"}
			}
		},
		{
			"name": "longbow_4",
			"from": [9, 11, 7.5],
			"to": [10, 12.5, 8],
			"rotation": {"angle": 0, "axis": "y", "origin": [0, 0, 7.5]},
			"faces": {
				"north": {"uv": [10, 3.5, 9, 5], "texture": "#0"},
				"east": {"uv": [9.5, 3.5, 10, 5], "texture": "#0"},
				"south": {"uv": [9, 3.5, 10, 5], "texture": "#0"},
				"west": {"uv": [9, 3.5, 9.5, 5], "texture": "#0"},
				"up": {"uv": [9, 3.5, 10, 4], "texture": "#0"},
				"down": {"uv": [9, 4.5, 10, 5], "texture": "#0"}
			}
		},
		{
			"name": "longbow_5",
			"from": [13.5, 12, 7.5],
			"to": [14, 12.5, 8],
			"rotation": {"angle": 0, "axis": "y", "origin": [0, 0, 7.5]},
			"faces": {
				"north": {"uv": [14, 3.5, 13.5, 4], "texture": "#0"},
				"east": {"uv": [13.5, 3.5, 14, 4], "texture": "#0"},
				"south": {"uv": [13.5, 3.5, 14, 4], "texture": "#0"},
				"west": {"uv": [13.5, 3.5, 14, 4], "texture": "#0"},
				"up": {"uv": [13.5, 3.5, 14, 4], "texture": "#0"},
				"down": {"uv": [13.5, 3.5, 14, 4], "texture": "#0"}
			}
		},
		{
			"name": "longbow_6",
			"from": [8, 10.5, 7.5],
			"to": [9, 12, 8],
			"rotation": {"angle": 0, "axis": "y", "origin": [0, 0, 7.5]},
			"faces": {
				"north": {"uv": [9, 4, 8, 5.5], "texture": "#0"},
				"east": {"uv": [8.5, 4, 9, 5.5], "texture": "#0"},
				"south": {"uv": [8, 4, 9, 5.5], "texture": "#0"},
				"west": {"uv": [8, 4, 8.5, 5.5], "texture": "#0"},
				"up": {"uv": [8, 4, 9, 4.5], "texture": "#0"},
				"down": {"uv": [8, 5, 9, 5.5], "texture": "#0"}
			}
		},
		{
			"name": "longbow_7",
			"from": [13, 11.5, 7.5],
			"to": [13.5, 12, 8],
			"rotation": {"angle": 0, "axis": "y", "origin": [0, 0, 7.5]},
			"faces": {
				"north": {"uv": [13.5, 4, 13, 4.5], "texture": "#0"},
				"east": {"uv": [13, 4, 13.5, 4.5], "texture": "#0"},
				"south": {"uv": [13, 4, 13.5, 4.5], "texture": "#0"},
				"west": {"uv": [13, 4, 13.5, 4.5], "texture": "#0"},
				"up": {"uv": [13, 4, 13.5, 4.5], "texture": "#0"},
				"down": {"uv": [13, 4, 13.5, 4.5], "texture": "#0"}
			}
		},
		{
			"name": "longbow_8",
			"from": [7, 10, 7.5],
			"to": [8, 11.5, 8],
			"rotation": {"angle": 0, "axis": "y", "origin": [0, 0, 7.5]},
			"faces": {
				"north": {"uv": [8, 4.5, 7, 6], "texture": "#0"},
				"east": {"uv": [7.5, 4.5, 8, 6], "texture": "#0"},
				"south": {"uv": [7, 4.5, 8, 6], "texture": "#0"},
				"west": {"uv": [7, 4.5, 7.5, 6], "texture": "#0"},
				"up": {"uv": [7, 4.5, 8, 5], "texture": "#0"},
				"down": {"uv": [7, 5.5, 8, 6], "texture": "#0"}
			}
		},
		{
			"name": "longbow_9",
			"from": [10, 11, 7.5],
			"to": [10.5, 11.5, 8],
			"rotation": {"angle": 0, "axis": "y", "origin": [0, 0, 7.5]},
			"faces": {
				"north": {"uv": [10.5, 4.5, 10, 5], "texture": "#0"},
				"east": {"uv": [10, 4.5, 10.5, 5], "texture": "#0"},
				"south": {"uv": [10, 4.5, 10.5, 5], "texture": "#0"},
				"west": {"uv": [10, 4.5, 10.5, 5], "texture": "#0"},
				"up": {"uv": [10, 4.5, 10.5, 5], "texture": "#0"},
				"down": {"uv": [10, 4.5, 10.5, 5], "texture": "#0"}
			}
		},
		{
			"name": "longbow_10",
			"from": [12.5, 11, 7.5],
			"to": [13, 11.5, 8],
			"rotation": {"angle": 0, "axis": "y", "origin": [0, 0, 7.5]},
			"faces": {
				"north": {"uv": [13, 4.5, 12.5, 5], "texture": "#0"},
				"east": {"uv": [12.5, 4.5, 13, 5], "texture": "#0"},
				"south": {"uv": [12.5, 4.5, 13, 5], "texture": "#0"},
				"west": {"uv": [12.5, 4.5, 13, 5], "texture": "#0"},
				"up": {"uv": [12.5, 4.5, 13, 5], "texture": "#0"},
				"down": {"uv": [12.5, 4.5, 13, 5], "texture": "#0"}
			}
		},
		{
			"name": "longbow_11",
			"from": [6.5, 9, 7.5],
			"to": [7, 11, 8],
			"rotation": {"angle": 0, "axis": "y", "origin": [0, 0, 7.5]},
			"faces": {
				"north": {"uv": [7, 5, 6.5, 7], "texture": "#0"},
				"east": {"uv": [6.5, 5, 7, 7], "texture": "#0"},
				"south": {"uv": [6.5, 5, 7, 7], "texture": "#0"},
				"west": {"uv": [6.5, 5, 7, 7], "texture": "#0"},
				"up": {"uv": [6.5, 5, 7, 5.5], "texture": "#0"},
				"down": {"uv": [6.5, 6.5, 7, 7], "texture": "#0"}
			}
		},
		{
			"name": "longbow_12",
			"from": [9, 10.5, 7.5],
			"to": [9.5, 11, 8],
			"rotation": {"angle": 0, "axis": "y", "origin": [0, 0, 7.5]},
			"faces": {
				"north": {"uv": [9.5, 5, 9, 5.5], "texture": "#0"},
				"east": {"uv": [9, 5, 9.5, 5.5], "texture": "#0"},
				"south": {"uv": [9, 5, 9.5, 5.5], "texture": "#0"},
				"west": {"uv": [9, 5, 9.5, 5.5], "texture": "#0"},
				"up": {"uv": [9, 5, 9.5, 5.5], "texture": "#0"},
				"down": {"uv": [9, 5, 9.5, 5.5], "texture": "#0"}
			}
		},
		{
			"name": "longbow_13",
			"from": [12, 10.5, 7.5],
			"to": [12.5, 11, 8],
			"rotation": {"angle": 0, "axis": "y", "origin": [0, 0, 7.5]},
			"faces": {
				"north": {"uv": [12.5, 5, 12, 5.5], "texture": "#0"},
				"east": {"uv": [12, 5, 12.5, 5.5], "texture": "#0"},
				"south": {"uv": [12, 5, 12.5, 5.5], "texture": "#0"},
				"west": {"uv": [12, 5, 12.5, 5.5], "texture": "#0"},
				"up": {"uv": [12, 5, 12.5, 5.5], "texture": "#0"},
				"down": {"uv": [12, 5, 12.5, 5.5], "texture": "#0"}
			}
		},
		{
			"name": "longbow_14",
			"from": [6, 8.5, 7.5],
			"to": [6.5, 10.5, 8],
			"rotation": {"angle": 0, "axis": "y", "origin": [0, 0, 7.5]},
			"faces": {
				"north": {"uv": [6.5, 5.5, 6, 7.5], "texture": "#0"},
				"east": {"uv": [6, 5.5, 6.5, 7.5], "texture": "#0"},
				"south": {"uv": [6, 5.5, 6.5, 7.5], "texture": "#0"},
				"west": {"uv": [6, 5.5, 6.5, 7.5], "texture": "#0"},
				"up": {"uv": [6, 5.5, 6.5, 6], "texture": "#0"},
				"down": {"uv": [6, 7, 6.5, 7.5], "texture": "#0"}
			}
		},
		{
			"name": "longbow_15",
			"from": [11.5, 10, 7.5],
			"to": [12, 10.5, 8],
			"rotation": {"angle": 0, "axis": "y", "origin": [0, 0, 7.5]},
			"faces": {
				"north": {"uv": [12, 5.5, 11.5, 6], "texture": "#0"},
				"east": {"uv": [11.5, 5.5, 12, 6], "texture": "#0"},
				"south": {"uv": [11.5, 5.5, 12, 6], "texture": "#0"},
				"west": {"uv": [11.5, 5.5, 12, 6], "texture": "#0"},
				"up": {"uv": [11.5, 5.5, 12, 6], "texture": "#0"},
				"down": {"uv": [11.5, 5.5, 12, 6], "texture": "#0"}
			}
		},
		{
			"name": "longbow_16",
			"from": [5.5, 7, 7.5],
			"to": [6, 10, 8],
			"rotation": {"angle": 0, "axis": "y", "origin": [0, 0, 7.5]},
			"faces": {
				"north": {"uv": [6, 6, 5.5, 9], "texture": "#0"},
				"east": {"uv": [5.5, 6, 6, 9], "texture": "#0"},
				"south": {"uv": [5.5, 6, 6, 9], "texture": "#0"},
				"west": {"uv": [5.5, 6, 6, 9], "texture": "#0"},
				"up": {"uv": [5.5, 6, 6, 6.5], "texture": "#0"},
				"down": {"uv": [5.5, 8.5, 6, 9], "texture": "#0"}
			}
		},
		{
			"name": "longbow_17",
			"from": [7, 9.5, 7.5],
			"to": [7.5, 10, 8],
			"rotation": {"angle": 0, "axis": "y", "origin": [0, 0, 7.5]},
			"faces": {
				"north": {"uv": [7.5, 6, 7, 6.5], "texture": "#0"},
				"east": {"uv": [7, 6, 7.5, 6.5], "texture": "#0"},
				"south": {"uv": [7, 6, 7.5, 6.5], "texture": "#0"},
				"west": {"uv": [7, 6, 7.5, 6.5], "texture": "#0"},
				"up": {"uv": [7, 6, 7.5, 6.5], "texture": "#0"},
				"down": {"uv": [7, 6, 7.5, 6.5], "texture": "#0"}
			}
		},
		{
			"name": "longbow_18",
			"from": [11, 9.5, 7.5],
			"to": [11.5, 10, 8],
			"rotation": {"angle": 0, "axis": "y", "origin": [0, 0, 7.5]},
			"faces": {
				"north": {"uv": [11.5, 6, 11, 6.5], "texture": "#0"},
				"east": {"uv": [11, 6, 11.5, 6.5], "texture": "#0"},
				"south": {"uv": [11, 6, 11.5, 6.5], "texture": "#0"},
				"west": {"uv": [11, 6, 11.5, 6.5], "texture": "#0"},
				"up": {"uv": [11, 6, 11.5, 6.5], "texture": "#0"},
				"down": {"uv": [11, 6, 11.5, 6.5], "texture": "#0"}
			}
		},
		{
			"name": "longbow_19",
			"from": [5, 6, 7.5],
			"to": [5.5, 9.5, 8],
			"rotation": {"angle": 0, "axis": "y", "origin": [0, 0, 7.5]},
			"faces": {
				"north": {"uv": [5.5, 6.5, 5, 10], "texture": "#0"},
				"east": {"uv": [5, 6.5, 5.5, 10], "texture": "#0"},
				"south": {"uv": [5, 6.5, 5.5, 10], "texture": "#0"},
				"west": {"uv": [5, 6.5, 5.5, 10], "texture": "#0"},
				"up": {"uv": [5, 6.5, 5.5, 7], "texture": "#0"},
				"down": {"uv": [5, 9.5, 5.5, 10], "texture": "#0"}
			}
		},
		{
			"name": "longbow_20",
			"from": [10.5, 9, 7.5],
			"to": [11, 9.5, 8],
			"rotation": {"angle": 0, "axis": "y", "origin": [0, 0, 7.5]},
			"faces": {
				"north": {"uv": [11, 6.5, 10.5, 7], "texture": "#0"},
				"east": {"uv": [10.5, 6.5, 11, 7], "texture": "#0"},
				"south": {"uv": [10.5, 6.5, 11, 7], "texture": "#0"},
				"west": {"uv": [10.5, 6.5, 11, 7], "texture": "#0"},
				"up": {"uv": [10.5, 6.5, 11, 7], "texture": "#0"},
				"down": {"uv": [10.5, 6.5, 11, 7], "texture": "#0"}
			}
		},
		{
			"name": "longbow_21",
			"from": [10, 8.5, 7.5],
			"to": [10.5, 9, 8],
			"rotation": {"angle": 0, "axis": "y", "origin": [0, 0, 7.5]},
			"faces": {
				"north": {"uv": [10.5, 7, 10, 7.5], "texture": "#0"},
				"east": {"uv": [10, 7, 10.5, 7.5], "texture": "#0"},
				"south": {"uv": [10, 7, 10.5, 7.5], "texture": "#0"},
				"west": {"uv": [10, 7, 10.5, 7.5], "texture": "#0"},
				"up": {"uv": [10, 7, 10.5, 7.5], "texture": "#0"},
				"down": {"uv": [10, 7, 10.5, 7.5], "texture": "#0"}
			}
		},
		{
			"name": "longbow_22",
			"from": [4.5, 5, 7.5],
			"to": [5, 8.5, 8],
			"rotation": {"angle": 0, "axis": "y", "origin": [0, 0, 7.5]},
			"faces": {
				"north": {"uv": [5, 7.5, 4.5, 11], "texture": "#0"},
				"east": {"uv": [4.5, 7.5, 5, 11], "texture": "#0"},
				"south": {"uv": [4.5, 7.5, 5, 11], "texture": "#0"},
				"west": {"uv": [4.5, 7.5, 5, 11], "texture": "#0"},
				"up": {"uv": [4.5, 7.5, 5, 8], "texture": "#0"},
				"down": {"uv": [4.5, 10.5, 5, 11], "texture": "#0"}
			}
		},
		{
			"name": "longbow_23",
			"from": [9.5, 8, 7.5],
			"to": [10, 8.5, 8],
			"rotation": {"angle": 0, "axis": "y", "origin": [0, 0, 7.5]},
			"faces": {
				"north": {"uv": [10, 7.5, 9.5, 8], "texture": "#0"},
				"east": {"uv": [9.5, 7.5, 10, 8], "texture": "#0"},
				"south": {"uv": [9.5, 7.5, 10, 8], "texture": "#0"},
				"west": {"uv": [9.5, 7.5, 10, 8], "texture": "#0"},
				"up": {"uv": [9.5, 7.5, 10, 8], "texture": "#0"},
				"down": {"uv": [9.5, 7.5, 10, 8], "texture": "#0"}
			}
		},
		{
			"name": "longbow_24",
			"from": [9, 7.5, 7.5],
			"to": [9.5, 8, 8],
			"rotation": {"angle": 0, "axis": "y", "origin": [0, 0, 7.5]},
			"faces": {
				"north": {"uv": [9.5, 8, 9, 8.5], "texture": "#0"},
				"east": {"uv": [9, 8, 9.5, 8.5], "texture": "#0"},
				"south": {"uv": [9, 8, 9.5, 8.5], "texture": "#0"},
				"west": {"uv": [9, 8, 9.5, 8.5], "texture": "#0"},
				"up": {"uv": [9, 8, 9.5, 8.5], "texture": "#0"},
				"down": {"uv": [9, 8, 9.5, 8.5], "texture": "#0"}
			}
		},
		{
			"name": "longbow_25",
			"from": [4, 3.5, 7.5],
			"to": [4.5, 7.5, 8],
			"rotation": {"angle": 0, "axis": "y", "origin": [0, 0, 7.5]},
			"faces": {
				"north": {"uv": [4.5, 8.5, 4, 12.5], "texture": "#0"},
				"east": {"uv": [4, 8.5, 4.5, 12.5], "texture": "#0"},
				"south": {"uv": [4, 8.5, 4.5, 12.5], "texture": "#0"},
				"west": {"uv": [4, 8.5, 4.5, 12.5], "texture": "#0"},
				"up": {"uv": [4, 8.5, 4.5, 9], "texture": "#0"},
				"down": {"uv": [4, 12, 4.5, 12.5], "texture": "#0"}
			}
		},
		{
			"name": "longbow_26",
			"from": [8.5, 7, 7.5],
			"to": [9, 7.5, 8],
			"rotation": {"angle": 0, "axis": "y", "origin": [0, 0, 7.5]},
			"faces": {
				"north": {"uv": [9, 8.5, 8.5, 9], "texture": "#0"},
				"east": {"uv": [8.5, 8.5, 9, 9], "texture": "#0"},
				"south": {"uv": [8.5, 8.5, 9, 9], "texture": "#0"},
				"west": {"uv": [8.5, 8.5, 9, 9], "texture": "#0"},
				"up": {"uv": [8.5, 8.5, 9, 9], "texture": "#0"},
				"down": {"uv": [8.5, 8.5, 9, 9], "texture": "#0"}
			}
		},
		{
			"name": "longbow_27",
			"from": [8, 6.5, 7.5],
			"to": [8.5, 7, 8],
			"rotation": {"angle": 0, "axis": "y", "origin": [0, 0, 7.5]},
			"faces": {
				"north": {"uv": [8.5, 9, 8, 9.5], "texture": "#0"},
				"east": {"uv": [8, 9, 8.5, 9.5], "texture": "#0"},
				"south": {"uv": [8, 9, 8.5, 9.5], "texture": "#0"},
				"west": {"uv": [8, 9, 8.5, 9.5], "texture": "#0"},
				"up": {"uv": [8, 9, 8.5, 9.5], "texture": "#0"},
				"down": {"uv": [8, 9, 8.5, 9.5], "texture": "#0"}
			}
		},
		{
			"name": "longbow_28",
			"from": [3.5, 2, 7.5],
			"to": [4, 6.5, 8],
			"rotation": {"angle": 0, "axis": "y", "origin": [0, 0, 7.5]},
			"faces": {
				"north": {"uv": [4, 9.5, 3.5, 14], "texture": "#0"},
				"east": {"uv": [3.5, 9.5, 4, 14], "texture": "#0"},
				"south": {"uv": [3.5, 9.5, 4, 14], "texture": "#0"},
				"west": {"uv": [3.5, 9.5, 4, 14], "texture": "#0"},
				"up": {"uv": [3.5, 9.5, 4, 10], "texture": "#0"},
				"down": {"uv": [3.5, 13.5, 4, 14], "texture": "#0"}
			}
		},
		{
			"name": "longbow_29",
			"from": [7.5, 6, 7.5],
			"to": [8, 6.5, 8],
			"rotation": {"angle": 0, "axis": "y", "origin": [0, 0, 7.5]},
			"faces": {
				"north": {"uv": [8, 9.5, 7.5, 10], "texture": "#0"},
				"east": {"uv": [7.5, 9.5, 8, 10], "texture": "#0"},
				"south": {"uv": [7.5, 9.5, 8, 10], "texture": "#0"},
				"west": {"uv": [7.5, 9.5, 8, 10], "texture": "#0"},
				"up": {"uv": [7.5, 9.5, 8, 10], "texture": "#0"},
				"down": {"uv": [7.5, 9.5, 8, 10], "texture": "#0"}
			}
		},
		{
			"name": "longbow_30",
			"from": [7, 5.5, 7.5],
			"to": [7.5, 6, 8],
			"rotation": {"angle": 0, "axis": "y", "origin": [0, 0, 7.5]},
			"faces": {
				"north": {"uv": [7.5, 10, 7, 10.5], "texture": "#0"},
				"east": {"uv": [7, 10, 7.5, 10.5], "texture": "#0"},
				"south": {"uv": [7, 10, 7.5, 10.5], "texture": "#0"},
				"west": {"uv": [7, 10, 7.5, 10.5], "texture": "#0"},
				"up": {"uv": [7, 10, 7.5, 10.5], "texture": "#0"},
				"down": {"uv": [7, 10, 7.5, 10.5], "texture": "#0"}
			}
		},
		{
			"name": "longbow_31",
			"from": [6.5, 5, 7.5],
			"to": [7, 5.5, 8],
			"rotation": {"angle": 0, "axis": "y", "origin": [0, 0, 7.5]},
			"faces": {
				"north": {"uv": [7, 10.5, 6.5, 11], "texture": "#0"},
				"east": {"uv": [6.5, 10.5, 7, 11], "texture": "#0"},
				"south": {"uv": [6.5, 10.5, 7, 11], "texture": "#0"},
				"west": {"uv": [6.5, 10.5, 7, 11], "texture": "#0"},
				"up": {"uv": [6.5, 10.5, 7, 11], "texture": "#0"},
				"down": {"uv": [6.5, 10.5, 7, 11], "texture": "#0"}
			}
		},
		{
			"name": "longbow_32",
			"from": [3, 2, 7.5],
			"to": [3.5, 5, 8],
			"rotation": {"angle": 0, "axis": "y", "origin": [0, 0, 7.5]},
			"faces": {
				"north": {"uv": [3.5, 11, 3, 14], "texture": "#0"},
				"east": {"uv": [3, 11, 3.5, 14], "texture": "#0"},
				"south": {"uv": [3, 11, 3.5, 14], "texture": "#0"},
				"west": {"uv": [3, 11, 3.5, 14], "texture": "#0"},
				"up": {"uv": [3, 11, 3.5, 11.5], "texture": "#0"},
				"down": {"uv": [3, 13.5, 3.5, 14], "texture": "#0"}
			}
		},
		{
			"name": "longbow_33",
			"from": [6, 4.5, 7.5],
			"to": [6.5, 5, 8],
			"rotation": {"angle": 0, "axis": "y", "origin": [0, 0, 7.5]},
			"faces": {
				"north": {"uv": [6.5, 11, 6, 11.5], "texture": "#0"},
				"east": {"uv": [6, 11, 6.5, 11.5], "texture": "#0"},
				"south": {"uv": [6, 11, 6.5, 11.5], "texture": "#0"},
				"west": {"uv": [6, 11, 6.5, 11.5], "texture": "#0"},
				"up": {"uv": [6, 11, 6.5, 11.5], "texture": "#0"},
				"down": {"uv": [6, 11, 6.5, 11.5], "texture": "#0"}
			}
		},
		{
			"name": "longbow_34",
			"from": [5.5, 4, 7.5],
			"to": [6, 4.5, 8],
			"rotation": {"angle": 0, "axis": "y", "origin": [0, 0, 7.5]},
			"faces": {
				"north": {"uv": [6, 11.5, 5.5, 12], "texture": "#0"},
				"east": {"uv": [5.5, 11.5, 6, 12], "texture": "#0"},
				"south": {"uv": [5.5, 11.5, 6, 12], "texture": "#0"},
				"west": {"uv": [5.5, 11.5, 6, 12], "texture": "#0"},
				"up": {"uv": [5.5, 11.5, 6, 12], "texture": "#0"},
				"down": {"uv": [5.5, 11.5, 6, 12], "texture": "#0"}
			}
		},
		{
			"name": "longbow_35",
			"from": [5, 3.5, 7.5],
			"to": [5.5, 4, 8],
			"rotation": {"angle": 0, "axis": "y", "origin": [0, 0, 7.5]},
			"faces": {
				"north": {"uv": [5.5, 12, 5, 12.5], "texture": "#0"},
				"east": {"uv": [5, 12, 5.5, 12.5], "texture": "#0"},
				"south": {"uv": [5, 12, 5.5, 12.5], "texture": "#0"},
				"west": {"uv": [5, 12, 5.5, 12.5], "texture": "#0"},
				"up": {"uv": [5, 12, 5.5, 12.5], "texture": "#0"},
				"down": {"uv": [5, 12, 5.5, 12.5], "texture": "#0"}
			}
		},
		{
			"name": "longbow_36",
			"from": [2.5, 2.5, 7.5],
			"to": [3, 3.5, 8],
			"rotation": {"angle": 0, "axis": "y", "origin": [0, 0, 7.5]},
			"faces": {
				"north": {"uv": [3, 12.5, 2.5, 13.5], "texture": "#0"},
				"east": {"uv": [2.5, 12.5, 3, 13.5], "texture": "#0"},
				"south": {"uv": [2.5, 12.5, 3, 13.5], "texture": "#0"},
				"west": {"uv": [2.5, 12.5, 3, 13.5], "texture": "#0"},
				"up": {"uv": [2.5, 12.5, 3, 13], "texture": "#0"},
				"down": {"uv": [2.5, 13, 3, 13.5], "texture": "#0"}
			}
		},
		{
			"name": "longbow_37",
			"from": [4.5, 3, 7.5],
			"to": [5, 3.5, 8],
			"rotation": {"angle": 0, "axis": "y", "origin": [0, 0, 7.5]},
			"faces": {
				"north": {"uv": [5, 12.5, 4.5, 13], "texture": "#0"},
				"east": {"uv": [4.5, 12.5, 5, 13], "texture": "#0"},
				"south": {"uv": [4.5, 12.5, 5, 13], "texture": "#0"},
				"west": {"uv": [4.5, 12.5, 5, 13], "texture": "#0"},
				"up": {"uv": [4.5, 12.5, 5, 13], "texture": "#0"},
				"down": {"uv": [4.5, 12.5, 5, 13], "texture": "#0"}
			}
		},
		{
			"name": "longbow_38",
			"from": [4, 2.5, 7.5],
			"to": [4.5, 3, 8],
			"rotation": {"angle": 0, "axis": "y", "origin": [0, 0, 7.5]},
			"faces": {
				"north": {"uv": [4.5, 13, 4, 13.5], "texture": "#0"},
				"east": {"uv": [4, 13, 4.5, 13.5], "texture": "#0"},
				"south": {"uv": [4, 13, 4.5, 13.5], "texture": "#0"},
				"west": {"uv": [4, 13, 4.5, 13.5], "texture": "#0"},
				"up": {"uv": [4, 13, 4.5, 13.5], "texture": "#0"},
				"down": {"uv": [4, 13, 4.5, 13.5], "texture": "#0"}
			}
		}
	],
	"gui_light": "front",
	"display": {
		"thirdperson_righthand": {
			"rotation": [-112.5, -85.25, -67.5],
			"translation": [-2, -2, 3],
			"scale": [1.5, 1.5, 1.5]
		},
		"thirdperson_lefthand": {
			"rotation": [-145.5, -85.25, -20],
			"translation": [-2, -2, 3],
			"scale": [1.5, 1.5, 1.5]
		},
		"firstperson_righthand": {
			"rotation": [0, -90, 25],
			"translation": [1.25, 3.25, 0],
			"scale": [1.5, 1.5, 1.5]
		},
		"firstperson_lefthand": {
			"rotation": [0, 90, -25],
			"translation": [1.25, 3.25, 0],
			"scale": [1.5, 1.5, 1.5]
		},
		"ground": {
			"translation": [0, 2.25, 0],
			"scale": [0.79, 0.79, 0.79]
		},
		"gui": {
			"translation": [-0.5, 0, 0],
			"scale": [1.4, 1.4, 1.4]
		},
		"head": {
			"rotation": [-1.56, -86.04, 38.9],
			"translation": [-7.25, 0, 0]
		},
		"fixed": {
			"rotation": [180, 0, 180],
			"translation": [0, 0, -0.75],
			"scale": [1.4, 1.4, 1.4]
		}
	},
	"groups": [
		{
			"name": "longbow",
			"origin": [8, 8, 8],
			"color": 0,
			"children": [0, 1, 2, 3, 4, 5, 6, 7, 8, 9, 10, 11, 12, 13, 14, 15, 16, 17, 18, 19, 20, 21, 22, 23, 24, 25, 26, 27, 28, 29, 30, 31, 32, 33, 34, 35, 36, 37, 38]
		}
	]
}