{
	"credit": "golden_claymore_one",
	"texture_size": [21, 21],
	"textures": {
		"0": "wep:bb_model/katana/golden_katana",
		"particle": "wep:bb_model/katana/golden_katana"
	},
	"elements": [
		{
			"name": "golden_katana_0",
			"from": [13.5, 14, 7],
			"to": [15, 15, 7.5],
			"faces": {
				"north": {"uv": [15, 1, 13.5, 2], "texture": "#0"},
				"east": {"uv": [14.5, 1, 15, 2], "texture": "#0"},
				"south": {"uv": [13.5, 1, 15, 2], "texture": "#0"},
				"west": {"uv": [13.5, 1, 14, 2], "texture": "#0"},
				"up": {"uv": [13.5, 1, 15, 1.5], "texture": "#0"},
				"down": {"uv": [13.5, 1.5, 15, 2], "texture": "#0"}
			}
		},
		{
			"name": "golden_katana_1",
			"from": [15, 14.5, 7],
			"to": [15.5, 15, 7.5],
			"faces": {
				"north": {"uv": [15.5, 1, 15, 1.5], "texture": "#0"},
				"east": {"uv": [15, 1, 15.5, 1.5], "texture": "#0"},
				"south": {"uv": [15, 1, 15.5, 1.5], "texture": "#0"},
				"west": {"uv": [15, 1, 15.5, 1.5], "texture": "#0"},
				"up": {"uv": [15, 1, 15.5, 1.5], "texture": "#0"},
				"down": {"uv": [15, 1, 15.5, 1.5], "texture": "#0"}
			}
		},
		{
			"name": "golden_katana_2",
			"from": [13, 12.5, 7],
			"to": [13.5, 14.5, 7.5],
			"faces": {
				"north": {"uv": [13.5, 1.5, 13, 3.5], "texture": "#0"},
				"east": {"uv": [13, 1.5, 13.5, 3.5], "texture": "#0"},
				"south": {"uv": [13, 1.5, 13.5, 3.5], "texture": "#0"},
				"west": {"uv": [13, 1.5, 13.5, 3.5], "texture": "#0"},
				"up": {"uv": [13, 1.5, 13.5, 2], "texture": "#0"},
				"down": {"uv": [13, 3, 13.5, 3.5], "texture": "#0"}
			}
		},
		{
			"name": "golden_katana_3",
			"from": [12.5, 12, 7],
			"to": [13, 14, 7.5],
			"faces": {
				"north": {"uv": [13, 2, 12.5, 4], "texture": "#0"},
				"east": {"uv": [12.5, 2, 13, 4], "texture": "#0"},
				"south": {"uv": [12.5, 2, 13, 4], "texture": "#0"},
				"west": {"uv": [12.5, 2, 13, 4], "texture": "#0"},
				"up": {"uv": [12.5, 2, 13, 2.5], "texture": "#0"},
				"down": {"uv": [12.5, 3.5, 13, 4], "texture": "#0"}
			}
		},
		{
			"name": "golden_katana_4",
			"from": [13.5, 13.5, 7],
			"to": [14.5, 14, 7.5],
			"faces": {
				"north": {"uv": [14.5, 2, 13.5, 2.5], "texture": "#0"},
				"east": {"uv": [14, 2, 14.5, 2.5], "texture": "#0"},
				"south": {"uv": [13.5, 2, 14.5, 2.5], "texture": "#0"},
				"west": {"uv": [13.5, 2, 14, 2.5], "texture": "#0"},
				"up": {"uv": [13.5, 2, 14.5, 2.5], "texture": "#0"},
				"down": {"uv": [13.5, 2, 14.5, 2.5], "texture": "#0"}
			}
		},
		{
			"name": "golden_katana_5",
			"from": [12, 11.5, 7],
			"to": [12.5, 13.5, 7.5],
			"faces": {
				"north": {"uv": [12.5, 2.5, 12, 4.5], "texture": "#0"},
				"east": {"uv": [12, 2.5, 12.5, 4.5], "texture": "#0"},
				"south": {"uv": [12, 2.5, 12.5, 4.5], "texture": "#0"},
				"west": {"uv": [12, 2.5, 12.5, 4.5], "texture": "#0"},
				"up": {"uv": [12, 2.5, 12.5, 3], "texture": "#0"},
				"down": {"uv": [12, 4, 12.5, 4.5], "texture": "#0"}
			}
		},
		{
			"name": "golden_katana_6",
			"from": [13.5, 13, 7],
			"to": [14, 13.5, 7.5],
			"faces": {
				"north": {"uv": [14, 2.5, 13.5, 3], "texture": "#0"},
				"east": {"uv": [13.5, 2.5, 14, 3], "texture": "#0"},
				"south": {"uv": [13.5, 2.5, 14, 3], "texture": "#0"},
				"west": {"uv": [13.5, 2.5, 14, 3], "texture": "#0"},
				"up": {"uv": [13.5, 2.5, 14, 3], "texture": "#0"},
				"down": {"uv": [13.5, 2.5, 14, 3], "texture": "#0"}
			}
		},
		{
			"name": "golden_katana_7",
			"from": [11.5, 11, 7],
			"to": [12, 13, 7.5],
			"faces": {
				"north": {"uv": [12, 3, 11.5, 5], "texture": "#0"},
				"east": {"uv": [11.5, 3, 12, 5], "texture": "#0"},
				"south": {"uv": [11.5, 3, 12, 5], "texture": "#0"},
				"west": {"uv": [11.5, 3, 12, 5], "texture": "#0"},
				"up": {"uv": [11.5, 3, 12, 3.5], "texture": "#0"},
				"down": {"uv": [11.5, 4.5, 12, 5], "texture": "#0"}
			}
		},
		{
			"name": "golden_katana_8",
			"from": [11, 10.5, 7],
			"to": [11.5, 12.5, 7.5],
			"faces": {
				"north": {"uv": [11.5, 3.5, 11, 5.5], "texture": "#0"},
				"east": {"uv": [11, 3.5, 11.5, 5.5], "texture": "#0"},
				"south": {"uv": [11, 3.5, 11.5, 5.5], "texture": "#0"},
				"west": {"uv": [11, 3.5, 11.5, 5.5], "texture": "#0"},
				"up": {"uv": [11, 3.5, 11.5, 4], "texture": "#0"},
				"down": {"uv": [11, 5, 11.5, 5.5], "texture": "#0"}
			}
		},
		{
			"name": "golden_katana_9",
			"from": [10.5, 10, 7],
			"to": [11, 12, 7.5],
			"faces": {
				"north": {"uv": [11, 4, 10.5, 6], "texture": "#0"},
				"east": {"uv": [10.5, 4, 11, 6], "texture": "#0"},
				"south": {"uv": [10.5, 4, 11, 6], "texture": "#0"},
				"west": {"uv": [10.5, 4, 11, 6], "texture": "#0"},
				"up": {"uv": [10.5, 4, 11, 4.5], "texture": "#0"},
				"down": {"uv": [10.5, 5.5, 11, 6], "texture": "#0"}
			}
		},
		{
			"name": "golden_katana_10",
			"from": [10, 9.5, 7],
			"to": [10.5, 11.5, 7.5],
			"faces": {
				"north": {"uv": [10.5, 4.5, 10, 6.5], "texture": "#0"},
				"east": {"uv": [10, 4.5, 10.5, 6.5], "texture": "#0"},
				"south": {"uv": [10, 4.5, 10.5, 6.5], "texture": "#0"},
				"west": {"uv": [10, 4.5, 10.5, 6.5], "texture": "#0"},
				"up": {"uv": [10, 4.5, 10.5, 5], "texture": "#0"},
				"down": {"uv": [10, 6, 10.5, 6.5], "texture": "#0"}
			}
		},
		{
			"name": "golden_katana_11",
			"from": [9.5, 9, 7],
			"to": [10, 11, 7.5],
			"faces": {
				"north": {"uv": [10, 5, 9.5, 7], "texture": "#0"},
				"east": {"uv": [9.5, 5, 10, 7], "texture": "#0"},
				"south": {"uv": [9.5, 5, 10, 7], "texture": "#0"},
				"west": {"uv": [9.5, 5, 10, 7], "texture": "#0"},
				"up": {"uv": [9.5, 5, 10, 5.5], "texture": "#0"},
				"down": {"uv": [9.5, 6.5, 10, 7], "texture": "#0"}
			}
		},
		{
			"name": "golden_katana_12",
			"from": [9, 8.5, 7],
			"to": [9.5, 10.5, 7.5],
			"faces": {
				"north": {"uv": [9.5, 5.5, 9, 7.5], "texture": "#0"},
				"east": {"uv": [9, 5.5, 9.5, 7.5], "texture": "#0"},
				"south": {"uv": [9, 5.5, 9.5, 7.5], "texture": "#0"},
				"west": {"uv": [9, 5.5, 9.5, 7.5], "texture": "#0"},
				"up": {"uv": [9, 5.5, 9.5, 6], "texture": "#0"},
				"down": {"uv": [9, 7, 9.5, 7.5], "texture": "#0"}
			}
		},
		{
			"name": "golden_katana_13",
			"from": [8.5, 8, 7],
			"to": [9, 10, 7.5],
			"faces": {
				"north": {"uv": [9, 6, 8.5, 8], "texture": "#0"},
				"east": {"uv": [8.5, 6, 9, 8], "texture": "#0"},
				"south": {"uv": [8.5, 6, 9, 8], "texture": "#0"},
				"west": {"uv": [8.5, 6, 9, 8], "texture": "#0"},
				"up": {"uv": [8.5, 6, 9, 6.5], "texture": "#0"},
				"down": {"uv": [8.5, 7.5, 9, 8], "texture": "#0"}
			}
		},
		{
			"name": "golden_katana_14",
			"from": [8, 7.5, 7],
			"to": [8.5, 9.5, 7.5],
			"faces": {
				"north": {"uv": [8.5, 6.5, 8, 8.5], "texture": "#0"},
				"east": {"uv": [8, 6.5, 8.5, 8.5], "texture": "#0"},
				"south": {"uv": [8, 6.5, 8.5, 8.5], "texture": "#0"},
				"west": {"uv": [8, 6.5, 8.5, 8.5], "texture": "#0"},
				"up": {"uv": [8, 6.5, 8.5, 7], "texture": "#0"},
				"down": {"uv": [8, 8, 8.5, 8.5], "texture": "#0"}
			}
		},
		{
			"name": "golden_katana_15",
			"from": [7.5, 7, 7],
			"to": [8, 9, 7.5],
			"faces": {
				"north": {"uv": [8, 7, 7.5, 9], "texture": "#0"},
				"east": {"uv": [7.5, 7, 8, 9], "texture": "#0"},
				"south": {"uv": [7.5, 7, 8, 9], "texture": "#0"},
				"west": {"uv": [7.5, 7, 8, 9], "texture": "#0"},
				"up": {"uv": [7.5, 7, 8, 7.5], "texture": "#0"},
				"down": {"uv": [7.5, 8.5, 8, 9], "texture": "#0"}
			}
		},
		{
			"name": "golden_katana_16",
			"from": [7, 6.5, 7],
			"to": [7.5, 8.5, 7.5],
			"faces": {
				"north": {"uv": [7.5, 7.5, 7, 9.5], "texture": "#0"},
				"east": {"uv": [7, 7.5, 7.5, 9.5], "texture": "#0"},
				"south": {"uv": [7, 7.5, 7.5, 9.5], "texture": "#0"},
				"west": {"uv": [7, 7.5, 7.5, 9.5], "texture": "#0"},
				"up": {"uv": [7, 7.5, 7.5, 8], "texture": "#0"},
				"down": {"uv": [7, 9, 7.5, 9.5], "texture": "#0"}
			}
		},
		{
			"name": "golden_katana_17",
			"from": [6.5, 6, 7],
			"to": [7, 8, 7.5],
			"faces": {
				"north": {"uv": [7, 8, 6.5, 10], "texture": "#0"},
				"east": {"uv": [6.5, 8, 7, 10], "texture": "#0"},
				"south": {"uv": [6.5, 8, 7, 10], "texture": "#0"},
				"west": {"uv": [6.5, 8, 7, 10], "texture": "#0"},
				"up": {"uv": [6.5, 8, 7, 8.5], "texture": "#0"},
				"down": {"uv": [6.5, 9.5, 7, 10], "texture": "#0"}
			}
		},
		{
			"name": "golden_katana_18",
			"from": [6, 5.5, 7],
			"to": [6.5, 7.5, 7.5],
			"faces": {
				"north": {"uv": [6.5, 8.5, 6, 10.5], "texture": "#0"},
				"east": {"uv": [6, 8.5, 6.5, 10.5], "texture": "#0"},
				"south": {"uv": [6, 8.5, 6.5, 10.5], "texture": "#0"},
				"west": {"uv": [6, 8.5, 6.5, 10.5], "texture": "#0"},
				"up": {"uv": [6, 8.5, 6.5, 9], "texture": "#0"},
				"down": {"uv": [6, 10, 6.5, 10.5], "texture": "#0"}
			}
		},
		{
			"name": "golden_katana_19",
			"from": [4, 5.5, 7],
			"to": [4.5, 7, 7.5],
			"faces": {
				"north": {"uv": [4.5, 9, 4, 10.5], "texture": "#0"},
				"east": {"uv": [4, 9, 4.5, 10.5], "texture": "#0"},
				"south": {"uv": [4, 9, 4.5, 10.5], "texture": "#0"},
				"west": {"uv": [4, 9, 4.5, 10.5], "texture": "#0"},
				"up": {"uv": [4, 9, 4.5, 9.5], "texture": "#0"},
				"down": {"uv": [4, 10, 4.5, 10.5], "texture": "#0"}
			}
		},
		{
			"name": "golden_katana_20",
			"from": [5.5, 4, 7],
			"to": [6, 7, 7.5],
			"faces": {
				"north": {"uv": [6, 9, 5.5, 12], "texture": "#0"},
				"east": {"uv": [5.5, 9, 6, 12], "texture": "#0"},
				"south": {"uv": [5.5, 9, 6, 12], "texture": "#0"},
				"west": {"uv": [5.5, 9, 6, 12], "texture": "#0"},
				"up": {"uv": [5.5, 9, 6, 9.5], "texture": "#0"},
				"down": {"uv": [5.5, 11.5, 6, 12], "texture": "#0"}
			}
		},
		{
			"name": "golden_katana_21",
			"from": [3.5, 6, 7],
			"to": [4, 6.5, 7.5],
			"faces": {
				"north": {"uv": [4, 9.5, 3.5, 10], "texture": "#0"},
				"east": {"uv": [3.5, 9.5, 4, 10], "texture": "#0"},
				"south": {"uv": [3.5, 9.5, 4, 10], "texture": "#0"},
				"west": {"uv": [3.5, 9.5, 4, 10], "texture": "#0"},
				"up": {"uv": [3.5, 9.5, 4, 10], "texture": "#0"},
				"down": {"uv": [3.5, 9.5, 4, 10], "texture": "#0"}
			}
		},
		{
			"name": "golden_katana_22",
			"from": [4.5, 4.5, 7],
			"to": [5.5, 6.5, 7.5],
			"faces": {
				"north": {"uv": [5.5, 9.5, 4.5, 11.5], "texture": "#0"},
				"east": {"uv": [5, 9.5, 5.5, 11.5], "texture": "#0"},
				"south": {"uv": [4.5, 9.5, 5.5, 11.5], "texture": "#0"},
				"west": {"uv": [4.5, 9.5, 5, 11.5], "texture": "#0"},
				"up": {"uv": [4.5, 9.5, 5.5, 10], "texture": "#0"},
				"down": {"uv": [4.5, 11, 5.5, 11.5], "texture": "#0"}
			}
		},
		{
			"name": "golden_katana_23",
			"from": [4, 3.5, 7],
			"to": [4.5, 5, 7.5],
			"faces": {
				"north": {"uv": [4.5, 11, 4, 12.5], "texture": "#0"},
				"east": {"uv": [4, 11, 4.5, 12.5], "texture": "#0"},
				"south": {"uv": [4, 11, 4.5, 12.5], "texture": "#0"},
				"west": {"uv": [4, 11, 4.5, 12.5], "texture": "#0"},
				"up": {"uv": [4, 11, 4.5, 11.5], "texture": "#0"},
				"down": {"uv": [4, 12, 4.5, 12.5], "texture": "#0"}
			}
		},
		{
			"name": "golden_katana_24",
			"from": [6, 3.5, 7],
			"to": [6.5, 5, 7.5],
			"faces": {
				"north": {"uv": [6.5, 11, 6, 12.5], "texture": "#0"},
				"east": {"uv": [6, 11, 6.5, 12.5], "texture": "#0"},
				"south": {"uv": [6, 11, 6.5, 12.5], "texture": "#0"},
				"west": {"uv": [6, 11, 6.5, 12.5], "texture": "#0"},
				"up": {"uv": [6, 11, 6.5, 11.5], "texture": "#0"},
				"down": {"uv": [6, 12, 6.5, 12.5], "texture": "#0"}
			}
		},
		{
			"name": "golden_katana_25",
			"from": [3.5, 3, 7],
			"to": [4, 4.5, 7.5],
			"faces": {
				"north": {"uv": [4, 11.5, 3.5, 13], "texture": "#0"},
				"east": {"uv": [3.5, 11.5, 4, 13], "texture": "#0"},
				"south": {"uv": [3.5, 11.5, 4, 13], "texture": "#0"},
				"west": {"uv": [3.5, 11.5, 4, 13], "texture": "#0"},
				"up": {"uv": [3.5, 11.5, 4, 12], "texture": "#0"},
				"down": {"uv": [3.5, 12.5, 4, 13], "texture": "#0"}
			}
		},
		{
			"name": "golden_katana_26",
			"from": [4.5, 4, 7],
			"to": [5, 4.5, 7.5],
			"faces": {
				"north": {"uv": [5, 11.5, 4.5, 12], "texture": "#0"},
				"east": {"uv": [4.5, 11.5, 5, 12], "texture": "#0"},
				"south": {"uv": [4.5, 11.5, 5, 12], "texture": "#0"},
				"west": {"uv": [4.5, 11.5, 5, 12], "texture": "#0"},
				"up": {"uv": [4.5, 11.5, 5, 12], "texture": "#0"},
				"down": {"uv": [4.5, 11.5, 5, 12], "texture": "#0"}
			}
		},
		{
			"name": "golden_katana_27",
			"from": [6.5, 4, 7],
			"to": [7, 4.5, 7.5],
			"faces": {
				"north": {"uv": [7, 11.5, 6.5, 12], "texture": "#0"},
				"east": {"uv": [6.5, 11.5, 7, 12], "texture": "#0"},
				"south": {"uv": [6.5, 11.5, 7, 12], "texture": "#0"},
				"west": {"uv": [6.5, 11.5, 7, 12], "texture": "#0"},
				"up": {"uv": [6.5, 11.5, 7, 12], "texture": "#0"},
				"down": {"uv": [6.5, 11.5, 7, 12], "texture": "#0"}
			}
		},
		{
			"name": "golden_katana_28",
			"from": [3, 2.5, 7],
			"to": [3.5, 4, 7.5],
			"faces": {
				"north": {"uv": [3.5, 12, 3, 13.5], "texture": "#0"},
				"east": {"uv": [3, 12, 3.5, 13.5], "texture": "#0"},
				"south": {"uv": [3, 12, 3.5, 13.5], "texture": "#0"},
				"west": {"uv": [3, 12, 3.5, 13.5], "texture": "#0"},
				"up": {"uv": [3, 12, 3.5, 12.5], "texture": "#0"},
				"down": {"uv": [3, 13, 3.5, 13.5], "texture": "#0"}
			}
		},
		{
			"name": "golden_katana_29",
			"from": [2.5, 2, 7],
			"to": [3, 3.5, 7.5],
			"faces": {
				"north": {"uv": [3, 12.5, 2.5, 14], "texture": "#0"},
				"east": {"uv": [2.5, 12.5, 3, 14], "texture": "#0"},
				"south": {"uv": [2.5, 12.5, 3, 14], "texture": "#0"},
				"west": {"uv": [2.5, 12.5, 3, 14], "texture": "#0"},
				"up": {"uv": [2.5, 12.5, 3, 13], "texture": "#0"},
				"down": {"uv": [2.5, 13.5, 3, 14], "texture": "#0"}
			}
		},
		{
			"name": "golden_katana_30",
			"from": [2, 1.5, 7],
			"to": [2.5, 3, 7.5],
			"faces": {
				"north": {"uv": [2.5, 13, 2, 14.5], "texture": "#0"},
				"east": {"uv": [2, 13, 2.5, 14.5], "texture": "#0"},
				"south": {"uv": [2, 13, 2.5, 14.5], "texture": "#0"},
				"west": {"uv": [2, 13, 2.5, 14.5], "texture": "#0"},
				"up": {"uv": [2, 13, 2.5, 13.5], "texture": "#0"},
				"down": {"uv": [2, 14, 2.5, 14.5], "texture": "#0"}
			}
		},
		{
			"name": "golden_katana_31",
			"from": [1.5, 1, 7],
			"to": [2, 2.5, 7.5],
			"faces": {
				"north": {"uv": [2, 13.5, 1.5, 15], "texture": "#0"},
				"east": {"uv": [1.5, 13.5, 2, 15], "texture": "#0"},
				"south": {"uv": [1.5, 13.5, 2, 15], "texture": "#0"},
				"west": {"uv": [1.5, 13.5, 2, 15], "texture": "#0"},
				"up": {"uv": [1.5, 13.5, 2, 14], "texture": "#0"},
				"down": {"uv": [1.5, 14.5, 2, 15], "texture": "#0"}
			}
		},
		{
			"name": "golden_katana_32",
			"from": [1, 1.5, 7],
			"to": [1.5, 2, 7.5],
			"faces": {
				"north": {"uv": [1.5, 14, 1, 14.5], "texture": "#0"},
				"east": {"uv": [1, 14, 1.5, 14.5], "texture": "#0"},
				"south": {"uv": [1, 14, 1.5, 14.5], "texture": "#0"},
				"west": {"uv": [1, 14, 1.5, 14.5], "texture": "#0"},
				"up": {"uv": [1, 14, 1.5, 14.5], "texture": "#0"},
				"down": {"uv": [1, 14, 1.5, 14.5], "texture": "#0"}
			}
		}
	],
	"gui_light": "front",
	"display": {
		"thirdperson_righthand": {
			"rotation": [-45, -90, 0],
			"translation": [-1, 6, 2],
			"scale": [1.3, 1.3, 1.3]
		},
		"thirdperson_lefthand": {
			"rotation": [-45, 90, 0],
			"translation": [1, 6, 2],
			"scale": [1.3, 1.3, 1.3]
		},
		"firstperson_righthand": {
			"rotation": [30, -90, 60],
			"translation": [1.5, 7, 1.75],
			"scale": [1.2, 1.2, 1.2]
		},
		"firstperson_lefthand": {
			"rotation": [30, 90, -60],
			"translation": [-1.5, 7, 5.75],
			"scale": [0.6, 0.6, 0.6]
		},
		"ground": {
			"translation": [0, 2.5, 0],
			"scale": [0.8, 0.8, 0.8]
		},
		"gui": {
			"translation": [-0.5, -0.25, 80],
			"scale": [1.3, 1.3, 1.3]
		},
		"head": {
			"translation": [0, 12.75, 0]
		},
		"fixed": {
			"rotation": [0, -180, 0],
			"translation": [0, -0.5, -1.25],
			"scale": [1.5, 1.5, 1.5]
		}
	},
	"groups": [
		{
			"name": "golden_katana",
			"origin": [8, 8, 8],
			"color": 0,
			"children": [0, 1, 2, 3, 4, 5, 6, 7, 8, 9, 10, 11, 12, 13, 14, 15, 16, 17, 18, 19, 20, 21, 22, 23, 24, 25, 26, 27, 28, 29, 30, 31, 32]
		}
	]
}