{
	"credit": "Made with Blockbench",
	"texture_size": [1, 1],
	"textures": {
		"0": "wep:bb_model/rapier/netherite_rapier",
		"particle": "wep:bb_model/rapier/netherite_rapier"
	},
	"elements": [
		{
			"name": "netherite_rapier_0",
			"from": [14.5, 14.5, 7],
			"to": [15.5, 15.5, 7.5],
			"faces": {
				"north": {"uv": [15.5, 0.5, 14.5, 1.5], "texture": "#0"},
				"east": {"uv": [15, 0.5, 15.5, 1.5], "texture": "#0"},
				"south": {"uv": [14.5, 0.5, 15.5, 1.5], "texture": "#0"},
				"west": {"uv": [14.5, 0.5, 15, 1.5], "texture": "#0"},
				"up": {"uv": [14.5, 0.5, 15.5, 1], "texture": "#0"},
				"down": {"uv": [14.5, 1, 15.5, 1.5], "texture": "#0"}
			}
		},
		{
			"name": "netherite_rapier_1",
			"from": [14, 13.5, 7],
			"to": [14.5, 15, 7.5],
			"faces": {
				"north": {"uv": [14.5, 1, 14, 2.5], "texture": "#0"},
				"east": {"uv": [14, 1, 14.5, 2.5], "texture": "#0"},
				"south": {"uv": [14, 1, 14.5, 2.5], "texture": "#0"},
				"west": {"uv": [14, 1, 14.5, 2.5], "texture": "#0"},
				"up": {"uv": [14, 1, 14.5, 1.5], "texture": "#0"},
				"down": {"uv": [14, 2, 14.5, 2.5], "texture": "#0"}
			}
		},
		{
			"name": "netherite_rapier_2",
			"from": [13.5, 13, 7],
			"to": [14, 14.5, 7.5],
			"faces": {
				"north": {"uv": [14, 1.5, 13.5, 3], "texture": "#0"},
				"east": {"uv": [13.5, 1.5, 14, 3], "texture": "#0"},
				"south": {"uv": [13.5, 1.5, 14, 3], "texture": "#0"},
				"west": {"uv": [13.5, 1.5, 14, 3], "texture": "#0"},
				"up": {"uv": [13.5, 1.5, 14, 2], "texture": "#0"},
				"down": {"uv": [13.5, 2.5, 14, 3], "texture": "#0"}
			}
		},
		{
			"name": "netherite_rapier_3",
			"from": [14.5, 14, 7],
			"to": [15, 14.5, 7.5],
			"faces": {
				"north": {"uv": [15, 1.5, 14.5, 2], "texture": "#0"},
				"east": {"uv": [14.5, 1.5, 15, 2], "texture": "#0"},
				"south": {"uv": [14.5, 1.5, 15, 2], "texture": "#0"},
				"west": {"uv": [14.5, 1.5, 15, 2], "texture": "#0"},
				"up": {"uv": [14.5, 1.5, 15, 2], "texture": "#0"},
				"down": {"uv": [14.5, 1.5, 15, 2], "texture": "#0"}
			}
		},
		{
			"name": "netherite_rapier_4",
			"from": [13, 12.5, 7],
			"to": [13.5, 14, 7.5],
			"faces": {
				"north": {"uv": [13.5, 2, 13, 3.5], "texture": "#0"},
				"east": {"uv": [13, 2, 13.5, 3.5], "texture": "#0"},
				"south": {"uv": [13, 2, 13.5, 3.5], "texture": "#0"},
				"west": {"uv": [13, 2, 13.5, 3.5], "texture": "#0"},
				"up": {"uv": [13, 2, 13.5, 2.5], "texture": "#0"},
				"down": {"uv": [13, 3, 13.5, 3.5], "texture": "#0"}
			}
		},
		{
			"name": "netherite_rapier_5",
			"from": [12.5, 12, 7],
			"to": [13, 13.5, 7.5],
			"faces": {
				"north": {"uv": [13, 2.5, 12.5, 4], "texture": "#0"},
				"east": {"uv": [12.5, 2.5, 13, 4], "texture": "#0"},
				"south": {"uv": [12.5, 2.5, 13, 4], "texture": "#0"},
				"west": {"uv": [12.5, 2.5, 13, 4], "texture": "#0"},
				"up": {"uv": [12.5, 2.5, 13, 3], "texture": "#0"},
				"down": {"uv": [12.5, 3.5, 13, 4], "texture": "#0"}
			}
		},
		{
			"name": "netherite_rapier_6",
			"from": [12, 11.5, 7],
			"to": [12.5, 13, 7.5],
			"faces": {
				"north": {"uv": [12.5, 3, 12, 4.5], "texture": "#0"},
				"east": {"uv": [12, 3, 12.5, 4.5], "texture": "#0"},
				"south": {"uv": [12, 3, 12.5, 4.5], "texture": "#0"},
				"west": {"uv": [12, 3, 12.5, 4.5], "texture": "#0"},
				"up": {"uv": [12, 3, 12.5, 3.5], "texture": "#0"},
				"down": {"uv": [12, 4, 12.5, 4.5], "texture": "#0"}
			}
		},
		{
			"name": "netherite_rapier_7",
			"from": [11.5, 11, 7],
			"to": [12, 12.5, 7.5],
			"faces": {
				"north": {"uv": [12, 3.5, 11.5, 5], "texture": "#0"},
				"east": {"uv": [11.5, 3.5, 12, 5], "texture": "#0"},
				"south": {"uv": [11.5, 3.5, 12, 5], "texture": "#0"},
				"west": {"uv": [11.5, 3.5, 12, 5], "texture": "#0"},
				"up": {"uv": [11.5, 3.5, 12, 4], "texture": "#0"},
				"down": {"uv": [11.5, 4.5, 12, 5], "texture": "#0"}
			}
		},
		{
			"name": "netherite_rapier_8",
			"from": [11, 10.5, 7],
			"to": [11.5, 12, 7.5],
			"faces": {
				"north": {"uv": [11.5, 4, 11, 5.5], "texture": "#0"},
				"east": {"uv": [11, 4, 11.5, 5.5], "texture": "#0"},
				"south": {"uv": [11, 4, 11.5, 5.5], "texture": "#0"},
				"west": {"uv": [11, 4, 11.5, 5.5], "texture": "#0"},
				"up": {"uv": [11, 4, 11.5, 4.5], "texture": "#0"},
				"down": {"uv": [11, 5, 11.5, 5.5], "texture": "#0"}
			}
		},
		{
			"name": "netherite_rapier_9",
			"from": [10.5, 10, 7],
			"to": [11, 11.5, 7.5],
			"faces": {
				"north": {"uv": [11, 4.5, 10.5, 6], "texture": "#0"},
				"east": {"uv": [10.5, 4.5, 11, 6], "texture": "#0"},
				"south": {"uv": [10.5, 4.5, 11, 6], "texture": "#0"},
				"west": {"uv": [10.5, 4.5, 11, 6], "texture": "#0"},
				"up": {"uv": [10.5, 4.5, 11, 5], "texture": "#0"},
				"down": {"uv": [10.5, 5.5, 11, 6], "texture": "#0"}
			}
		},
		{
			"name": "netherite_rapier_10",
			"from": [10, 9.5, 7],
			"to": [10.5, 11, 7.5],
			"faces": {
				"north": {"uv": [10.5, 5, 10, 6.5], "texture": "#0"},
				"east": {"uv": [10, 5, 10.5, 6.5], "texture": "#0"},
				"south": {"uv": [10, 5, 10.5, 6.5], "texture": "#0"},
				"west": {"uv": [10, 5, 10.5, 6.5], "texture": "#0"},
				"up": {"uv": [10, 5, 10.5, 5.5], "texture": "#0"},
				"down": {"uv": [10, 6, 10.5, 6.5], "texture": "#0"}
			}
		},
		{
			"name": "netherite_rapier_11",
			"from": [9.5, 9, 7],
			"to": [10, 10.5, 7.5],
			"faces": {
				"north": {"uv": [10, 5.5, 9.5, 7], "texture": "#0"},
				"east": {"uv": [9.5, 5.5, 10, 7], "texture": "#0"},
				"south": {"uv": [9.5, 5.5, 10, 7], "texture": "#0"},
				"west": {"uv": [9.5, 5.5, 10, 7], "texture": "#0"},
				"up": {"uv": [9.5, 5.5, 10, 6], "texture": "#0"},
				"down": {"uv": [9.5, 6.5, 10, 7], "texture": "#0"}
			}
		},
		{
			"name": "netherite_rapier_12",
			"from": [9, 8.5, 7],
			"to": [9.5, 10, 7.5],
			"faces": {
				"north": {"uv": [9.5, 6, 9, 7.5], "texture": "#0"},
				"east": {"uv": [9, 6, 9.5, 7.5], "texture": "#0"},
				"south": {"uv": [9, 6, 9.5, 7.5], "texture": "#0"},
				"west": {"uv": [9, 6, 9.5, 7.5], "texture": "#0"},
				"up": {"uv": [9, 6, 9.5, 6.5], "texture": "#0"},
				"down": {"uv": [9, 7, 9.5, 7.5], "texture": "#0"}
			}
		},
		{
			"name": "netherite_rapier_13",
			"from": [8.5, 8, 7],
			"to": [9, 9.5, 7.5],
			"faces": {
				"north": {"uv": [9, 6.5, 8.5, 8], "texture": "#0"},
				"east": {"uv": [8.5, 6.5, 9, 8], "texture": "#0"},
				"south": {"uv": [8.5, 6.5, 9, 8], "texture": "#0"},
				"west": {"uv": [8.5, 6.5, 9, 8], "texture": "#0"},
				"up": {"uv": [8.5, 6.5, 9, 7], "texture": "#0"},
				"down": {"uv": [8.5, 7.5, 9, 8], "texture": "#0"}
			}
		},
		{
			"name": "netherite_rapier_14",
			"from": [8, 7.5, 7],
			"to": [8.5, 9, 7.5],
			"faces": {
				"north": {"uv": [8.5, 7, 8, 8.5], "texture": "#0"},
				"east": {"uv": [8, 7, 8.5, 8.5], "texture": "#0"},
				"south": {"uv": [8, 7, 8.5, 8.5], "texture": "#0"},
				"west": {"uv": [8, 7, 8.5, 8.5], "texture": "#0"},
				"up": {"uv": [8, 7, 8.5, 7.5], "texture": "#0"},
				"down": {"uv": [8, 8, 8.5, 8.5], "texture": "#0"}
			}
		},
		{
			"name": "netherite_rapier_15",
			"from": [7.5, 7, 7],
			"to": [8, 8.5, 7.5],
			"faces": {
				"north": {"uv": [8, 7.5, 7.5, 9], "texture": "#0"},
				"east": {"uv": [7.5, 7.5, 8, 9], "texture": "#0"},
				"south": {"uv": [7.5, 7.5, 8, 9], "texture": "#0"},
				"west": {"uv": [7.5, 7.5, 8, 9], "texture": "#0"},
				"up": {"uv": [7.5, 7.5, 8, 8], "texture": "#0"},
				"down": {"uv": [7.5, 8.5, 8, 9], "texture": "#0"}
			}
		},
		{
			"name": "netherite_rapier_16",
			"from": [7, 6.5, 7],
			"to": [7.5, 8, 7.5],
			"faces": {
				"north": {"uv": [7.5, 8, 7, 9.5], "texture": "#0"},
				"east": {"uv": [7, 8, 7.5, 9.5], "texture": "#0"},
				"south": {"uv": [7, 8, 7.5, 9.5], "texture": "#0"},
				"west": {"uv": [7, 8, 7.5, 9.5], "texture": "#0"},
				"up": {"uv": [7, 8, 7.5, 8.5], "texture": "#0"},
				"down": {"uv": [7, 9, 7.5, 9.5], "texture": "#0"}
			}
		},
		{
			"name": "netherite_rapier_17",
			"from": [6.5, 6, 7],
			"to": [7, 7.5, 7.5],
			"faces": {
				"north": {"uv": [7, 8.5, 6.5, 10], "texture": "#0"},
				"east": {"uv": [6.5, 8.5, 7, 10], "texture": "#0"},
				"south": {"uv": [6.5, 8.5, 7, 10], "texture": "#0"},
				"west": {"uv": [6.5, 8.5, 7, 10], "texture": "#0"},
				"up": {"uv": [6.5, 8.5, 7, 9], "texture": "#0"},
				"down": {"uv": [6.5, 9.5, 7, 10], "texture": "#0"}
			}
		},
		{
			"name": "netherite_rapier_18",
			"from": [6, 5.5, 7],
			"to": [6.5, 7, 7.5],
			"faces": {
				"north": {"uv": [6.5, 9, 6, 10.5], "texture": "#0"},
				"east": {"uv": [6, 9, 6.5, 10.5], "texture": "#0"},
				"south": {"uv": [6, 9, 6.5, 10.5], "texture": "#0"},
				"west": {"uv": [6, 9, 6.5, 10.5], "texture": "#0"},
				"up": {"uv": [6, 9, 6.5, 9.5], "texture": "#0"},
				"down": {"uv": [6, 10, 6.5, 10.5], "texture": "#0"}
			}
		},
		{
			"name": "netherite_rapier_19",
			"from": [1.5, 6, 7],
			"to": [2.5, 6.5, 7.5],
			"faces": {
				"north": {"uv": [2.5, 9.5, 1.5, 10], "texture": "#0"},
				"east": {"uv": [2, 9.5, 2.5, 10], "texture": "#0"},
				"south": {"uv": [1.5, 9.5, 2.5, 10], "texture": "#0"},
				"west": {"uv": [1.5, 9.5, 2, 10], "texture": "#0"},
				"up": {"uv": [1.5, 9.5, 2.5, 10], "texture": "#0"},
				"down": {"uv": [1.5, 9.5, 2.5, 10], "texture": "#0"}
			}
		},
		{
			"name": "netherite_rapier_20",
			"from": [3.5, 3.5, 7],
			"to": [5, 6.5, 7.5],
			"faces": {
				"north": {"uv": [5, 9.5, 3.5, 12.5], "texture": "#0"},
				"east": {"uv": [4.5, 9.5, 5, 12.5], "texture": "#0"},
				"south": {"uv": [3.5, 9.5, 5, 12.5], "texture": "#0"},
				"west": {"uv": [3.5, 9.5, 4, 12.5], "texture": "#0"},
				"up": {"uv": [3.5, 9.5, 5, 10], "texture": "#0"},
				"down": {"uv": [3.5, 12, 5, 12.5], "texture": "#0"}
			}
		},
		{
			"name": "netherite_rapier_21",
			"from": [5.5, 2, 7],
			"to": [6, 6.5, 7.5],
			"faces": {
				"north": {"uv": [6, 9.5, 5.5, 14], "texture": "#0"},
				"east": {"uv": [5.5, 9.5, 6, 14], "texture": "#0"},
				"south": {"uv": [5.5, 9.5, 6, 14], "texture": "#0"},
				"west": {"uv": [5.5, 9.5, 6, 14], "texture": "#0"},
				"up": {"uv": [5.5, 9.5, 6, 10], "texture": "#0"},
				"down": {"uv": [5.5, 13.5, 6, 14], "texture": "#0"}
			}
		},
		{
			"name": "netherite_rapier_22",
			"from": [2, 5.5, 7],
			"to": [3.5, 6, 7.5],
			"faces": {
				"north": {"uv": [3.5, 10, 2, 10.5], "texture": "#0"},
				"east": {"uv": [3, 10, 3.5, 10.5], "texture": "#0"},
				"south": {"uv": [2, 10, 3.5, 10.5], "texture": "#0"},
				"west": {"uv": [2, 10, 2.5, 10.5], "texture": "#0"},
				"up": {"uv": [2, 10, 3.5, 10.5], "texture": "#0"},
				"down": {"uv": [2, 10, 3.5, 10.5], "texture": "#0"}
			}
		},
		{
			"name": "netherite_rapier_23",
			"from": [5, 2.5, 7],
			"to": [5.5, 6, 7.5],
			"faces": {
				"north": {"uv": [5.5, 10, 5, 13.5], "texture": "#0"},
				"east": {"uv": [5, 10, 5.5, 13.5], "texture": "#0"},
				"south": {"uv": [5, 10, 5.5, 13.5], "texture": "#0"},
				"west": {"uv": [5, 10, 5.5, 13.5], "texture": "#0"},
				"up": {"uv": [5, 10, 5.5, 10.5], "texture": "#0"},
				"down": {"uv": [5, 13, 5.5, 13.5], "texture": "#0"}
			}
		},
		{
			"name": "netherite_rapier_24",
			"from": [2.5, 5, 7],
			"to": [3.5, 5.5, 7.5],
			"faces": {
				"north": {"uv": [3.5, 10.5, 2.5, 11], "texture": "#0"},
				"east": {"uv": [3, 10.5, 3.5, 11], "texture": "#0"},
				"south": {"uv": [2.5, 10.5, 3.5, 11], "texture": "#0"},
				"west": {"uv": [2.5, 10.5, 3, 11], "texture": "#0"},
				"up": {"uv": [2.5, 10.5, 3.5, 11], "texture": "#0"},
				"down": {"uv": [2.5, 10.5, 3.5, 11], "texture": "#0"}
			}
		},
		{
			"name": "netherite_rapier_25",
			"from": [3, 2.5, 7],
			"to": [3.5, 5, 7.5],
			"faces": {
				"north": {"uv": [3.5, 11, 3, 13.5], "texture": "#0"},
				"east": {"uv": [3, 11, 3.5, 13.5], "texture": "#0"},
				"south": {"uv": [3, 11, 3.5, 13.5], "texture": "#0"},
				"west": {"uv": [3, 11, 3.5, 13.5], "texture": "#0"},
				"up": {"uv": [3, 11, 3.5, 11.5], "texture": "#0"},
				"down": {"uv": [3, 13, 3.5, 13.5], "texture": "#0"}
			}
		},
		{
			"name": "netherite_rapier_26",
			"from": [6, 3.5, 7],
			"to": [6.5, 5, 7.5],
			"faces": {
				"north": {"uv": [6.5, 11, 6, 12.5], "texture": "#0"},
				"east": {"uv": [6, 11, 6.5, 12.5], "texture": "#0"},
				"south": {"uv": [6, 11, 6.5, 12.5], "texture": "#0"},
				"west": {"uv": [6, 11, 6.5, 12.5], "texture": "#0"},
				"up": {"uv": [6, 11, 6.5, 11.5], "texture": "#0"},
				"down": {"uv": [6, 12, 6.5, 12.5], "texture": "#0"}
			}
		},
		{
			"name": "netherite_rapier_27",
			"from": [1.5, 4, 7],
			"to": [3, 4.5, 7.5],
			"faces": {
				"north": {"uv": [3, 11.5, 1.5, 12], "texture": "#0"},
				"east": {"uv": [2.5, 11.5, 3, 12], "texture": "#0"},
				"south": {"uv": [1.5, 11.5, 3, 12], "texture": "#0"},
				"west": {"uv": [1.5, 11.5, 2, 12], "texture": "#0"},
				"up": {"uv": [1.5, 11.5, 3, 12], "texture": "#0"},
				"down": {"uv": [1.5, 11.5, 3, 12], "texture": "#0"}
			}
		},
		{
			"name": "netherite_rapier_28",
			"from": [1, 3.5, 7],
			"to": [1.5, 4, 7.5],
			"faces": {
				"north": {"uv": [1.5, 12, 1, 12.5], "texture": "#0"},
				"east": {"uv": [1, 12, 1.5, 12.5], "texture": "#0"},
				"south": {"uv": [1, 12, 1.5, 12.5], "texture": "#0"},
				"west": {"uv": [1, 12, 1.5, 12.5], "texture": "#0"},
				"up": {"uv": [1, 12, 1.5, 12.5], "texture": "#0"},
				"down": {"uv": [1, 12, 1.5, 12.5], "texture": "#0"}
			}
		},
		{
			"name": "netherite_rapier_29",
			"from": [0.5, 2, 7],
			"to": [1, 3.5, 7.5],
			"faces": {
				"north": {"uv": [1, 12.5, 0.5, 14], "texture": "#0"},
				"east": {"uv": [0.5, 12.5, 1, 14], "texture": "#0"},
				"south": {"uv": [0.5, 12.5, 1, 14], "texture": "#0"},
				"west": {"uv": [0.5, 12.5, 1, 14], "texture": "#0"},
				"up": {"uv": [0.5, 12.5, 1, 13], "texture": "#0"},
				"down": {"uv": [0.5, 13.5, 1, 14], "texture": "#0"}
			}
		},
		{
			"name": "netherite_rapier_30",
			"from": [2.5, 2, 7],
			"to": [3, 3.5, 7.5],
			"faces": {
				"north": {"uv": [3, 12.5, 2.5, 14], "texture": "#0"},
				"east": {"uv": [2.5, 12.5, 3, 14], "texture": "#0"},
				"south": {"uv": [2.5, 12.5, 3, 14], "texture": "#0"},
				"west": {"uv": [2.5, 12.5, 3, 14], "texture": "#0"},
				"up": {"uv": [2.5, 12.5, 3, 13], "texture": "#0"},
				"down": {"uv": [2.5, 13.5, 3, 14], "texture": "#0"}
			}
		},
		{
			"name": "netherite_rapier_31",
			"from": [3.5, 3, 7],
			"to": [4, 3.5, 7.5],
			"faces": {
				"north": {"uv": [4, 12.5, 3.5, 13], "texture": "#0"},
				"east": {"uv": [3.5, 12.5, 4, 13], "texture": "#0"},
				"south": {"uv": [3.5, 12.5, 4, 13], "texture": "#0"},
				"west": {"uv": [3.5, 12.5, 4, 13], "texture": "#0"},
				"up": {"uv": [3.5, 12.5, 4, 13], "texture": "#0"},
				"down": {"uv": [3.5, 12.5, 4, 13], "texture": "#0"}
			}
		},
		{
			"name": "netherite_rapier_32",
			"from": [4.5, 3, 7],
			"to": [5, 3.5, 7.5],
			"faces": {
				"north": {"uv": [5, 12.5, 4.5, 13], "texture": "#0"},
				"east": {"uv": [4.5, 12.5, 5, 13], "texture": "#0"},
				"south": {"uv": [4.5, 12.5, 5, 13], "texture": "#0"},
				"west": {"uv": [4.5, 12.5, 5, 13], "texture": "#0"},
				"up": {"uv": [4.5, 12.5, 5, 13], "texture": "#0"},
				"down": {"uv": [4.5, 12.5, 5, 13], "texture": "#0"}
			}
		},
		{
			"name": "netherite_rapier_33",
			"from": [2, 1.5, 7],
			"to": [2.5, 3, 7.5],
			"faces": {
				"north": {"uv": [2.5, 13, 2, 14.5], "texture": "#0"},
				"east": {"uv": [2, 13, 2.5, 14.5], "texture": "#0"},
				"south": {"uv": [2, 13, 2.5, 14.5], "texture": "#0"},
				"west": {"uv": [2, 13, 2.5, 14.5], "texture": "#0"},
				"up": {"uv": [2, 13, 2.5, 13.5], "texture": "#0"},
				"down": {"uv": [2, 14, 2.5, 14.5], "texture": "#0"}
			}
		},
		{
			"name": "netherite_rapier_34",
			"from": [1.5, 1, 7],
			"to": [2, 2.5, 7.5],
			"faces": {
				"north": {"uv": [2, 13.5, 1.5, 15], "texture": "#0"},
				"east": {"uv": [1.5, 13.5, 2, 15], "texture": "#0"},
				"south": {"uv": [1.5, 13.5, 2, 15], "texture": "#0"},
				"west": {"uv": [1.5, 13.5, 2, 15], "texture": "#0"},
				"up": {"uv": [1.5, 13.5, 2, 14], "texture": "#0"},
				"down": {"uv": [1.5, 14.5, 2, 15], "texture": "#0"}
			}
		},
		{
			"name": "netherite_rapier_35",
			"from": [6, 1.5, 7],
			"to": [6.5, 2.5, 7.5],
			"faces": {
				"north": {"uv": [6.5, 13.5, 6, 14.5], "texture": "#0"},
				"east": {"uv": [6, 13.5, 6.5, 14.5], "texture": "#0"},
				"south": {"uv": [6, 13.5, 6.5, 14.5], "texture": "#0"},
				"west": {"uv": [6, 13.5, 6.5, 14.5], "texture": "#0"},
				"up": {"uv": [6, 13.5, 6.5, 14], "texture": "#0"},
				"down": {"uv": [6, 14, 6.5, 14.5], "texture": "#0"}
			}
		},
		{
			"name": "netherite_rapier_36",
			"from": [1, 0.5, 7],
			"to": [1.5, 2, 7.5],
			"faces": {
				"north": {"uv": [1.5, 14, 1, 15.5], "texture": "#0"},
				"east": {"uv": [1, 14, 1.5, 15.5], "texture": "#0"},
				"south": {"uv": [1, 14, 1.5, 15.5], "texture": "#0"},
				"west": {"uv": [1, 14, 1.5, 15.5], "texture": "#0"},
				"up": {"uv": [1, 14, 1.5, 14.5], "texture": "#0"},
				"down": {"uv": [1, 15, 1.5, 15.5], "texture": "#0"}
			}
		},
		{
			"name": "netherite_rapier_37",
			"from": [0.5, 0.5, 7],
			"to": [1, 1.5, 7.5],
			"faces": {
				"north": {"uv": [1, 14.5, 0.5, 15.5], "texture": "#0"},
				"east": {"uv": [0.5, 14.5, 1, 15.5], "texture": "#0"},
				"south": {"uv": [0.5, 14.5, 1, 15.5], "texture": "#0"},
				"west": {"uv": [0.5, 14.5, 1, 15.5], "texture": "#0"},
				"up": {"uv": [0.5, 14.5, 1, 15], "texture": "#0"},
				"down": {"uv": [0.5, 15, 1, 15.5], "texture": "#0"}
			}
		}
	],
	"gui_light": "front",
	"display": {
		"thirdperson_righthand": {
			"rotation": [-45, -90, 0],
			"translation": [-1, 9.5, 1.5],
			"scale": [1.5, 1.5, 1.5]
		},
		"thirdperson_lefthand": {
			"rotation": [-45, 90, 0],
			"translation": [1, 9.5, 1.5],
			"scale": [1.5, 1.5, 1.5]
		},
		"firstperson_righthand": {
			"rotation": [-30, -90, 30],
			"translation": [-0.25, 8, 1.5],
			"scale": [0.9, 0.9, 0.9]
		},
		"firstperson_lefthand": {
			"rotation": [-30, 90, -30],
			"translation": [-0.25, 8, 1.5],
			"scale": [0.9, 0.9, 0.9]
		},
		"ground": {
			"scale": [0.5, 0.5, 0.5]
		},
		"gui": {
			"translation": [0, 0, -80],
			"scale": [1.2, 1.2, 1.2]
		},
		"head": {
			"translation": [0, 13.5, 0]
		},
		"fixed": {
			"rotation": [0, 180, 0],
			"translation": [-0.5, -1.5, 0],
			"scale": [0.9, 0.9, 0.9]
		}
	},
	"groups": [
		{
			"name": "stone_rapier",
			"origin": [8, 8, 8],
			"color": 0,
			"children": []
		},
		{
			"name": "netherite_rapier",
			"origin": [8, 8, 8],
			"color": 0,
			"children": [0, 1, 2, 3, 4, 5, 6, 7, 8, 9, 10, 11, 12, 13, 14, 15, 16, 17, 18, 19, 20, 21, 22, 23, 24, 25, 26, 27, 28, 29, 30, 31, 32, 33, 34, 35, 36, 37]
		}
	]
}