{
  "parent": "minecraft:item/handheld",
  "textures": {
    "layer0": "minecraft:item/iron_sword"
  },
  "overrides": [
    {
      "predicate": {
        "custom_model_data": 47001
      },
      "model": "1_splatus:item/end_excalibur"
    },
    {
      "predicate": {
        "custom_model_data": 47002
      },
      "model": "1_splatus:item/end_excalibur_ready"
    },
    {
      "predicate": {
        "custom_model_data": 47003
      },
      "model": "1_splatus:item/end_excalibur_ready_loop"
    },
    {
      "predicate": {
        "custom_model_data": 47014
      },
      "model": "1_splatus:item/windsweeper"
    },
    
    
    
    
    {
      "predicate": {
        "custom_model_data": 47015
      },
      "model": "1_splatus:item/withering_sword_v2"
    },
    {
      "predicate": {
        "custom_model_data": 47020
      },
      "model": "1_splatus:item/evokers_wrath_v2"
    },
    {
      "predicate": {
        "custom_model_data": 47021
      },
      "model": "1_splatus:item/evokers_wrath_ready_v2"
    },
    {
      "predicate": {
        "custom_model_data": 47042
      },
      "model": "1_splatus:item/crucible"
    },
    {
      "predicate": {
        "custom_model_data": 47043
      },
      "model": "1_splatus:item/crucible_charged"
    },
    
    {
      "predicate": {
        "custom_model_data": 47045
      },
      "model": "1_splatus:item/wave_caster"
    },
    
    {
      "predicate": {
        "custom_model_data": 47046
      },
      "model": "1_splatus:item/moonlight_edge"
    },
    
    {
      "predicate": {
        "custom_model_data": 47047
      },
      "model": "1_splatus:item/moonlight_edge_charged"
    },
    {
      "predicate": {
        "custom_model_data": 47048
      },
      "model": "1_splatus:item/blazeblade"
    },
    {
      "predicate": {
        "custom_model_data": 47049
      },
      "model": "1_splatus:item/blazeblade_fire"
    },
    {
      "predicate": {
        "custom_model_data": 47050
      },
      "model": "1_splatus:item/thorn_blossom"
    },
    
    
    
    {
      "predicate": {
        "custom_model_data": 47996
      },
      "model": "1_splatus:item/unused/galaxia"
    }
    ,
    {
      "predicate": {
        "custom_model_data": 47997
      },
      "model": "1_splatus:item/unused/spellbound_sword"
    }
    ,
    {
      "predicate": {
        "custom_model_data": 47998
      },
      "model": "1_splatus:item/all_weapons_advancement"
    },
    
    {
      "predicate": {
        "custom_model_data": 47999
      },
      "model": "1_splatus:item/unused/delete"
    }
  ]
}