{
  "parent": "minecraft:item/handheld",
  "textures": {
    "layer0": "minecraft:item/netherite_sword"
  },
  "overrides": [
  
    
    
    {
      "predicate": {
        "custom_model_data": 47001
      },
      "model": "1_splatus:item/burnt_end_excalibur"
    },
    {
      "predicate": {
        "custom_model_data": 47015
      },
      "model": "1_splatus:item/burnt_witherblade"
    }
    ,
    {
      "predicate": {
        "custom_model_data": 47042
      },
      "model": "1_splatus:item/burnt_crucible"
    }
    ,
    {
      "predicate": {
        "custom_model_data": 47046
      },
      "model": "1_splatus:item/burnt_moonlight_edge"
    },




    {
      "predicate": {
        "custom_model_data": 47995
      },
      "model": "1_splatus:item/unused/light"
    }
    














    ,
    
		{
      "predicate": {
        "custom_model_data": 1450000
      },
      "model": "incendium:item/patron/daybreaker"
  },
{
      "predicate": {
        "custom_model_data": 1450001
      },
      "model": "incendium:item/patron/witherblade"
  },
{
      "predicate": {
        "custom_model_data": 1450003
      },
      "model": "incendium:item/chilling"
  },
  {
      "predicate": {
        "custom_model_data": 1450004
      },
      "model": "incendium:item/sacrifice"
  },
  {
      "predicate": {
        "custom_model_data": 1450005
      },
      "model": "incendium:item/vampire"
  }
  ]
}