{
    "model": {
      "type": "minecraft:condition",
      "property": "minecraft:using_item",
      "on_true": {
        "type": "minecraft:range_dispatch",
        "property": "minecraft:use_duration",
        "entries": [
          {
            "threshold": 0,
            "model": {
              "type": "minecraft:model",
              "model": "wep:item/longbow/longbow_0"
            }
          },
          {
            "threshold": 12,
            "model": {
              "type": "minecraft:model",
              "model": "wep:item/longbow/longbow_1"
            }
          },
          {
            "threshold": 20,
            "model": {
              "type": "minecraft:model",
              "model": "wep:item/longbow/longbow_2"
            }
          },
          {
            "threshold": 31,
            "model": {
              "type": "minecraft:model",
              "model": "wep:item/longbow/longbow_3"
            }
          }
        ]
      },
      "on_false": {
        "type": "minecraft:model",
        "model": "wep:item/longbow/longbow"
      }
    },
    "hand_animation_on_swap": false
  }