{
	"credit": "Made with Blockbench",
	"texture_size": [32, 32],
	"elements": [
		{
			"name": "hilt_top",
			"from": [3.75, 21.7, 6.25],
			"to": [4.5, 22.15, 10.75],
			"rotation": {"angle": 0, "axis": "z", "origin": [7.9, 0.75, 0]},
			"faces": {
				"north": {"uv": [4.05045, 3.05585, 4.30991, 3.66982], "texture": "#0"},
				"east": {"uv": [3.31, 1.11, 4.49, 1.29], "texture": "#0"},
				"south": {"uv": [4.07928, 3.05585, 4.2955, 3.29504], "texture": "#0"},
				"west": {"uv": [3.31, 1.11, 4.49, 1.29], "texture": "#0"},
				"up": {"uv": [3.11, 0.81, 4.69, 0.99], "rotation": 90, "texture": "#0"},
				"down": {"uv": [3.31, 2.81, 4.49, 2.99], "texture": "#0"}
			}
		},
		{
			"name": "hilt_bottom",
			"from": [3.75, 16.75, 6.25],
			"to": [4.5, 17.2, 10.75],
			"rotation": {"angle": 0, "axis": "y", "origin": [7.9, -4.25, 0]},
			"faces": {
				"north": {"uv": [3.31, 2.51, 4.49, 2.69], "texture": "#0"},
				"east": {"uv": [3.31, 2.51, 4.49, 2.69], "texture": "#0"},
				"south": {"uv": [3.31, 2.51, 4.49, 2.69], "texture": "#0"},
				"west": {"uv": [3.31, 2.51, 4.49, 2.69], "texture": "#0"},
				"up": {"uv": [3.31, 2.81, 4.59, 2.99], "rotation": 90, "texture": "#0"},
				"down": {"uv": [3.31, 3.11, 4.49, 3.29], "rotation": 90, "texture": "#0"}
			}
		},
		{
			"name": "hilt_left",
			"from": [3.75, 16.75, 5.75],
			"to": [4.5, 22.15, 6.25],
			"rotation": {"angle": 0, "axis": "y", "origin": [-2.8, -1.5, 1.2]},
			"faces": {
				"north": {"uv": [2.82, 1.11, 2.99, 2.69], "texture": "#0"},
				"east": {"uv": [4.51, 1.11, 4.69, 2.69], "texture": "#0"},
				"south": {"uv": [2.81, 1.11, 2.99, 2.69], "texture": "#0"},
				"west": {"uv": [3.11, 1.11, 3.29, 2.69], "texture": "#0"},
				"up": {"uv": [4.51289, 1.74414, 4.69234, 1.9937], "rotation": 180, "texture": "#0"},
				"down": {"uv": [4.11, 3.11, 4.28, 3.3], "rotation": 270, "texture": "#0"}
			}
		},
		{
			"name": "hilt_right",
			"from": [3.75, 16.75, 10.75],
			"to": [4.5, 22.15, 11.25],
			"rotation": {"angle": 0, "axis": "y", "origin": [-2.8, -1.5, 6.2]},
			"faces": {
				"north": {"uv": [4.81, 1.11, 4.99, 2.69], "texture": "#0"},
				"east": {"uv": [4.81, 1.11, 4.99, 2.69], "texture": "#0"},
				"south": {"uv": [4.81, 1.11, 4.99, 2.69], "texture": "#0"},
				"west": {"uv": [4.51, 1.11, 4.69, 2.69], "texture": "#0"},
				"up": {"uv": [4.51289, 1.74414, 4.69234, 1.9937], "rotation": 180, "texture": "#0"},
				"down": {"uv": [4.01, 3.11, 4.18, 3.3], "rotation": 270, "texture": "#0"}
			}
		},
		{
			"name": "hilt",
			"from": [4, 17.2, 6.25],
			"to": [4.5, 21.7, 10.75],
			"rotation": {"angle": 0, "axis": "y", "origin": [-0.5, 0, 0.25]},
			"faces": {
				"north": {"uv": [4.61261, 1.87387, 6.63063, 4.03604], "texture": "#0"},
				"east": {"uv": [3.31, 5.71, 4.49, 6.89], "texture": "#0"},
				"south": {"uv": [4.61261, 1.87387, 6.63063, 4.03604], "texture": "#0"},
				"west": {"uv": [3.3, 1.3, 4.5, 2.5], "texture": "#0"},
				"up": {"uv": [4.61261, 1.87387, 6.63063, 4.03604], "texture": "#0"},
				"down": {"uv": [3.3, 5.7, 4.5, 6.9], "texture": "#0"}
			}
		},
		{
			"name": "front_hilt",
			"from": [4.4, 17.95, 7],
			"to": [4.9, 20.95, 10],
			"rotation": {"angle": 0, "axis": "y", "origin": [-0.1, 0, 0.25]},
			"faces": {
				"north": {"uv": [3.33, 5.71, 3.7, 6.89], "texture": "#0"},
				"east": {"uv": [3.32, 5.72, 4.49, 6.88], "texture": "#0"},
				"south": {"uv": [3.33, 5.71, 3.7, 6.89], "texture": "#0"},
				"west": {"uv": [3.33, 5.71, 3.7, 6.89], "texture": "#0"},
				"up": {"uv": [3.33, 5.71, 3.7, 6.89], "texture": "#0"},
				"down": {"uv": [3.33, 5.71, 3.7, 6.89], "texture": "#0"}
			}
		},
		{
			"name": "back_hilt",
			"from": [-0.7, 18.75, 7.75],
			"to": [0.3, 20.25, 9.25],
			"rotation": {"angle": 0, "axis": "y", "origin": [-1.95, 19, 8]},
			"faces": {
				"north": {"uv": [0.01, 6.31, 0.59, 7.19], "texture": "#0"},
				"east": {"uv": [0.3, 7.3, 1.5, 8.2], "texture": "#0"},
				"south": {"uv": [0, 6.3, 0.6, 7.2], "texture": "#0"},
				"west": {"uv": [0.31, 7.31, 1.49, 8.19], "texture": "#0"},
				"up": {"uv": [1.01, 6.31, 1.59, 7.19], "texture": "#0"},
				"down": {"uv": [1, 6.3, 1.6, 7.2], "texture": "#0"}
			}
		},
		{
			"name": "middle",
			"from": [12, 18.5, 7.5],
			"to": [14.75, 20.5, 9.5],
			"faces": {
				"north": {"uv": [7.52, 2.42, 9.38, 3.98], "texture": "#0"},
				"east": {"uv": [7.52, 2.42, 9.38, 3.98], "texture": "#0"},
				"south": {"uv": [7.52, 2.42, 9.38, 3.98], "texture": "#0"},
				"west": {"uv": [7.52, 2.42, 9.38, 3.98], "texture": "#0"},
				"up": {"uv": [7.52, 2.42, 9.38, 3.98], "texture": "#0"},
				"down": {"uv": [7.52, 2.42, 9.38, 3.98], "texture": "#0"}
			}
		},
		{
			"name": "back",
			"from": [8.8, 18, 7],
			"to": [12.05, 21, 10],
			"rotation": {"angle": 0, "axis": "y", "origin": [1.3, 0, 0]},
			"faces": {
				"north": {"uv": [7.52, 0.62, 9.08, 2.18], "texture": "#0"},
				"east": {"uv": [7.52, 0.62, 9.08, 2.18], "texture": "#0"},
				"south": {"uv": [7.52, 0.62, 9.08, 2.18], "texture": "#0"},
				"west": {"uv": [7.52, 0.62, 9.08, 2.18], "texture": "#0"},
				"up": {"uv": [7.52, 0.62, 9.08, 2.18], "texture": "#0"},
				"down": {"uv": [7.52, 0.62, 9.08, 2.18], "texture": "#0"}
			}
		},
		{
			"name": "connecter_2",
			"from": [8.3, 17.75, 6.75],
			"to": [8.8, 21.25, 10.25],
			"rotation": {"angle": 0, "axis": "y", "origin": [1.3, 0, 0]},
			"faces": {
				"north": {"uv": [7.93, 0.73, 8.19, 2.05], "texture": "#0"},
				"east": {"uv": [7.93, 0.73, 8.19, 2.05], "texture": "#0"},
				"south": {"uv": [7.93, 0.73, 8.19, 2.05], "texture": "#0"},
				"west": {"uv": [7.53, 5.03, 9.08, 6.57], "texture": "#0"},
				"up": {"uv": [7.93, 0.73, 8.19, 2.05], "texture": "#0"},
				"down": {"uv": [7.93, 0.73, 8.19, 2.05], "texture": "#0"}
			}
		},
		{
			"name": "front",
			"from": [14.75, 19, 8],
			"to": [30.5, 20, 9],
			"faces": {
				"north": {"uv": [0.02, 8.65, 11.66, 9.28], "texture": "#0"},
				"east": {"uv": [0.02, 8.65, 1.66, 9.28], "texture": "#0"},
				"south": {"uv": [0.02, 8.65, 11.66, 9.28], "texture": "#0"},
				"west": {"uv": [0.02, 8.65, 11.66, 9.28], "texture": "#0"},
				"up": {"uv": [0.02, 8.65, 11.66, 9.28], "texture": "#0"},
				"down": {"uv": [0.02, 8.65, 11.66, 9.28], "texture": "#0"}
			}
		},
		{
			"name": "stick",
			"from": [4.9, 19, 8],
			"to": [8.3, 20, 9],
			"rotation": {"angle": 0, "axis": "y", "origin": [3.3, 0, 0]},
			"faces": {
				"north": {"uv": [0.01, 5.81, 1.58, 6.19], "rotation": 180, "texture": "#0"},
				"east": {"uv": [0.01, 5.81, 1.58, 6.19], "rotation": 180, "texture": "#0"},
				"south": {"uv": [0.01, 5.81, 1.58, 6.19], "rotation": 180, "texture": "#0"},
				"west": {"uv": [0.01, 5.81, 1.58, 6.19], "rotation": 180, "texture": "#0"},
				"up": {"uv": [0.01, 5.81, 1.58, 6.19], "texture": "#0"},
				"down": {"uv": [0.01, 5.81, 1.58, 6.19], "texture": "#0"}
			}
		},
		{
			"name": "stick",
			"from": [0.3, 19, 8],
			"to": [4.3, 20, 9],
			"rotation": {"angle": 0, "axis": "y", "origin": [-0.7, 0, 0]},
			"faces": {
				"north": {"uv": [0.01, 5.31, 1.59, 5.69], "rotation": 180, "texture": "#0"},
				"east": {"uv": [0.01, 5.31, 1.59, 5.69], "texture": "#0"},
				"south": {"uv": [0.01, 5.31, 1.59, 5.69], "texture": "#0"},
				"west": {"uv": [0.01, 5.31, 1.59, 5.69], "texture": "#0"},
				"up": {"uv": [0.01, 5.31, 1.59, 5.69], "texture": "#0"},
				"down": {"uv": [0.01, 5.31, 1.59, 5.69], "texture": "#0"}
			}
		}
	],
	"gui_light": "front",
	"display": {
		"thirdperson_righthand": {
			"rotation": [-12, 93, 90],
			"translation": [-0.5, 1.5, -11]
		},
		"thirdperson_lefthand": {
			"rotation": [-12, -3, -90],
			"translation": [-10.75, 3.75, -1.25]
		},
		"firstperson_righthand": {
			"rotation": [0, 90, -2],
			"translation": [0, -8.5, -1.75]
		},
		"firstperson_lefthand": {
			"rotation": [0, -90, 2],
			"translation": [0, -8.5, -1.75]
		},
		"ground": {
			"translation": [0, -5.5, 0],
			"scale": [0.5, 0.5, 0.5]
		},
		"gui": {
			"rotation": [38, 48, 33],
			"translation": [-0.25, -7, 11],
			"scale": [0.75, 0.75, 0.75]
		},
		"head": {
			"rotation": [0, 90, 0],
			"translation": [0, -12.75, -7.75]
		},
		"fixed": {
			"rotation": [0, 0, 45],
			"translation": [4.25, -11.5, -1.25]
		}
	},
	"groups": [
		{
			"name": "hilt",
			"origin": [0, 0, 0],
			"color": 0,
			"children": [0, 1, 2, 3, 4, 5, 6]
		},
		{
			"name": "blade",
			"origin": [8, 8, 8],
			"color": 0,
			"children": [7, 8, 9, 10]
		},
		{
			"name": "stick",
			"origin": [8, 8, 8],
			"color": 0,
			"children": [11, 12]
		}
	]
}