{
	"credit": "Made with Blockbench",
	"textures": {
		"0": "wep:bb_model/golden_scythe",
		"particle": "wep:bb_model/golden_scythe"
	},
	"elements": [
		{
			"name": "golden_scythe_0",
			"from": [5, 10.5, 8],
			"to": [6.25, 11.25, 8.25],
			"rotation": {"angle": 0, "axis": "y", "origin": [0, 0, 8]},
			"faces": {
				"north": {"uv": [6.25, 4.75, 5, 5.5], "texture": "#0"},
				"east": {"uv": [6, 4.75, 6.25, 5.5], "texture": "#0"},
				"south": {"uv": [5, 4.75, 6.25, 5.5], "texture": "#0"},
				"west": {"uv": [5, 4.75, 5.25, 5.5], "texture": "#0"},
				"up": {"uv": [5, 4.75, 6.25, 5], "texture": "#0"},
				"down": {"uv": [5, 5.25, 6.25, 5.5], "texture": "#0"}
			}
		},
		{
			"name": "golden_scythe_1",
			"from": [4.25, 10.75, 8],
			"to": [5, 11, 8.25],
			"rotation": {"angle": 0, "axis": "y", "origin": [0, 0, 8]},
			"faces": {
				"north": {"uv": [5, 5, 4.25, 5.25], "texture": "#0"},
				"east": {"uv": [4.75, 5, 5, 5.25], "texture": "#0"},
				"south": {"uv": [4.25, 5, 5, 5.25], "texture": "#0"},
				"west": {"uv": [4.25, 5, 4.5, 5.25], "texture": "#0"},
				"up": {"uv": [4.25, 5, 5, 5.25], "texture": "#0"},
				"down": {"uv": [4.25, 5, 5, 5.25], "texture": "#0"}
			}
		},
		{
			"name": "golden_scythe_2",
			"from": [6.25, 10, 8],
			"to": [7, 11, 8.25],
			"rotation": {"angle": 0, "axis": "y", "origin": [0, 0, 8]},
			"faces": {
				"north": {"uv": [7, 5, 6.25, 6], "texture": "#0"},
				"east": {"uv": [6.75, 5, 7, 6], "texture": "#0"},
				"south": {"uv": [6.25, 5, 7, 6], "texture": "#0"},
				"west": {"uv": [6.25, 5, 6.5, 6], "texture": "#0"},
				"up": {"uv": [6.25, 5, 7, 5.25], "texture": "#0"},
				"down": {"uv": [6.25, 5.75, 7, 6], "texture": "#0"}
			}
		},
		{
			"name": "golden_scythe_3",
			"from": [7, 9.75, 8],
			"to": [7.75, 10.75, 8.25],
			"rotation": {"angle": 0, "axis": "y", "origin": [0, 0, 8]},
			"faces": {
				"north": {"uv": [7.75, 5.25, 7, 6.25], "texture": "#0"},
				"east": {"uv": [7.5, 5.25, 7.75, 6.25], "texture": "#0"},
				"south": {"uv": [7, 5.25, 7.75, 6.25], "texture": "#0"},
				"west": {"uv": [7, 5.25, 7.25, 6.25], "texture": "#0"},
				"up": {"uv": [7, 5.25, 7.75, 5.5], "texture": "#0"},
				"down": {"uv": [7, 6, 7.75, 6.25], "texture": "#0"}
			}
		},
		{
			"name": "golden_scythe_4",
			"from": [5.75, 10.25, 8],
			"to": [6.25, 10.5, 8.25],
			"rotation": {"angle": 0, "axis": "y", "origin": [0, 0, 8]},
			"faces": {
				"north": {"uv": [6.25, 5.5, 5.75, 5.75], "texture": "#0"},
				"east": {"uv": [6, 5.5, 6.25, 5.75], "texture": "#0"},
				"south": {"uv": [5.75, 5.5, 6.25, 5.75], "texture": "#0"},
				"west": {"uv": [5.75, 5.5, 6, 5.75], "texture": "#0"},
				"up": {"uv": [5.75, 5.5, 6.25, 5.75], "texture": "#0"},
				"down": {"uv": [5.75, 5.5, 6.25, 5.75], "texture": "#0"}
			}
		},
		{
			"name": "golden_scythe_5",
			"from": [7.75, 9.25, 8],
			"to": [8.25, 10.5, 8.25],
			"rotation": {"angle": 0, "axis": "y", "origin": [0, 0, 8]},
			"faces": {
				"north": {"uv": [8.25, 5.5, 7.75, 6.75], "texture": "#0"},
				"east": {"uv": [8, 5.5, 8.25, 6.75], "texture": "#0"},
				"south": {"uv": [7.75, 5.5, 8.25, 6.75], "texture": "#0"},
				"west": {"uv": [7.75, 5.5, 8, 6.75], "texture": "#0"},
				"up": {"uv": [7.75, 5.5, 8.25, 5.75], "texture": "#0"},
				"down": {"uv": [7.75, 6.5, 8.25, 6.75], "texture": "#0"}
			}
		},
		{
			"name": "golden_scythe_6",
			"from": [8.25, 9, 8],
			"to": [8.75, 10.25, 8.25],
			"rotation": {"angle": 0, "axis": "y", "origin": [0, 0, 8]},
			"faces": {
				"north": {"uv": [8.75, 5.75, 8.25, 7], "texture": "#0"},
				"east": {"uv": [8.5, 5.75, 8.75, 7], "texture": "#0"},
				"south": {"uv": [8.25, 5.75, 8.75, 7], "texture": "#0"},
				"west": {"uv": [8.25, 5.75, 8.5, 7], "texture": "#0"},
				"up": {"uv": [8.25, 5.75, 8.75, 6], "texture": "#0"},
				"down": {"uv": [8.25, 6.75, 8.75, 7], "texture": "#0"}
			}
		},
		{
			"name": "golden_scythe_7",
			"from": [6.75, 9.75, 8],
			"to": [7, 10, 8.25],
			"rotation": {"angle": 0, "axis": "y", "origin": [0, 0, 8]},
			"faces": {
				"north": {"uv": [7, 6, 6.75, 6.25], "texture": "#0"},
				"east": {"uv": [6.75, 6, 7, 6.25], "texture": "#0"},
				"south": {"uv": [6.75, 6, 7, 6.25], "texture": "#0"},
				"west": {"uv": [6.75, 6, 7, 6.25], "texture": "#0"},
				"up": {"uv": [6.75, 6, 7, 6.25], "texture": "#0"},
				"down": {"uv": [6.75, 6, 7, 6.25], "texture": "#0"}
			}
		},
		{
			"name": "golden_scythe_8",
			"from": [8.75, 8.5, 8],
			"to": [9, 10, 8.25],
			"rotation": {"angle": 0, "axis": "y", "origin": [0, 0, 8]},
			"faces": {
				"north": {"uv": [9, 6, 8.75, 7.5], "texture": "#0"},
				"east": {"uv": [8.75, 6, 9, 7.5], "texture": "#0"},
				"south": {"uv": [8.75, 6, 9, 7.5], "texture": "#0"},
				"west": {"uv": [8.75, 6, 9, 7.5], "texture": "#0"},
				"up": {"uv": [8.75, 6, 9, 6.25], "texture": "#0"},
				"down": {"uv": [8.75, 7.25, 9, 7.5], "texture": "#0"}
			}
		},
		{
			"name": "golden_scythe_9",
			"from": [7.25, 9.5, 8],
			"to": [7.75, 9.75, 8.25],
			"rotation": {"angle": 0, "axis": "y", "origin": [0, 0, 8]},
			"faces": {
				"north": {"uv": [7.75, 6.25, 7.25, 6.5], "texture": "#0"},
				"east": {"uv": [7.5, 6.25, 7.75, 6.5], "texture": "#0"},
				"south": {"uv": [7.25, 6.25, 7.75, 6.5], "texture": "#0"},
				"west": {"uv": [7.25, 6.25, 7.5, 6.5], "texture": "#0"},
				"up": {"uv": [7.25, 6.25, 7.75, 6.5], "texture": "#0"},
				"down": {"uv": [7.25, 6.25, 7.75, 6.5], "texture": "#0"}
			}
		},
		{
			"name": "golden_scythe_10",
			"from": [9, 7.75, 8],
			"to": [9.25, 9.75, 8.25],
			"rotation": {"angle": 0, "axis": "y", "origin": [0, 0, 8]},
			"faces": {
				"north": {"uv": [9.25, 6.25, 9, 8.25], "texture": "#0"},
				"east": {"uv": [9, 6.25, 9.25, 8.25], "texture": "#0"},
				"south": {"uv": [9, 6.25, 9.25, 8.25], "texture": "#0"},
				"west": {"uv": [9, 6.25, 9.25, 8.25], "texture": "#0"},
				"up": {"uv": [9, 6.25, 9.25, 6.5], "texture": "#0"},
				"down": {"uv": [9, 8, 9.25, 8.25], "texture": "#0"}
			}
		},
		{
			"name": "golden_scythe_11",
			"from": [9.25, 7.75, 8],
			"to": [9.5, 9.5, 8.25],
			"rotation": {"angle": 0, "axis": "y", "origin": [0, 0, 8]},
			"faces": {
				"north": {"uv": [9.5, 6.5, 9.25, 8.25], "texture": "#0"},
				"east": {"uv": [9.25, 6.5, 9.5, 8.25], "texture": "#0"},
				"south": {"uv": [9.25, 6.5, 9.5, 8.25], "texture": "#0"},
				"west": {"uv": [9.25, 6.5, 9.5, 8.25], "texture": "#0"},
				"up": {"uv": [9.25, 6.5, 9.5, 6.75], "texture": "#0"},
				"down": {"uv": [9.25, 8, 9.5, 8.25], "texture": "#0"}
			}
		},
		{
			"name": "golden_scythe_12",
			"from": [8, 9, 8],
			"to": [8.25, 9.25, 8.25],
			"rotation": {"angle": 0, "axis": "y", "origin": [0, 0, 8]},
			"faces": {
				"north": {"uv": [8.25, 6.75, 8, 7], "texture": "#0"},
				"east": {"uv": [8, 6.75, 8.25, 7], "texture": "#0"},
				"south": {"uv": [8, 6.75, 8.25, 7], "texture": "#0"},
				"west": {"uv": [8, 6.75, 8.25, 7], "texture": "#0"},
				"up": {"uv": [8, 6.75, 8.25, 7], "texture": "#0"},
				"down": {"uv": [8, 6.75, 8.25, 7], "texture": "#0"}
			}
		},
		{
			"name": "golden_scythe_13",
			"from": [9.5, 8, 8],
			"to": [9.75, 9.25, 8.25],
			"rotation": {"angle": 0, "axis": "y", "origin": [0, 0, 8]},
			"faces": {
				"north": {"uv": [9.75, 6.75, 9.5, 8], "texture": "#0"},
				"east": {"uv": [9.5, 6.75, 9.75, 8], "texture": "#0"},
				"south": {"uv": [9.5, 6.75, 9.75, 8], "texture": "#0"},
				"west": {"uv": [9.5, 6.75, 9.75, 8], "texture": "#0"},
				"up": {"uv": [9.5, 6.75, 9.75, 7], "texture": "#0"},
				"down": {"uv": [9.5, 7.75, 9.75, 8], "texture": "#0"}
			}
		},
		{
			"name": "golden_scythe_14",
			"from": [10, 8.75, 8],
			"to": [10.5, 9.25, 8.25],
			"rotation": {"angle": 0, "axis": "y", "origin": [0, 0, 8]},
			"faces": {
				"north": {"uv": [10.5, 6.75, 10, 7.25], "texture": "#0"},
				"east": {"uv": [10.25, 6.75, 10.5, 7.25], "texture": "#0"},
				"south": {"uv": [10, 6.75, 10.5, 7.25], "texture": "#0"},
				"west": {"uv": [10, 6.75, 10.25, 7.25], "texture": "#0"},
				"up": {"uv": [10, 6.75, 10.5, 7], "texture": "#0"},
				"down": {"uv": [10, 7, 10.5, 7.25], "texture": "#0"}
			}
		},
		{
			"name": "golden_scythe_15",
			"from": [8.5, 8.75, 8],
			"to": [8.75, 9, 8.25],
			"rotation": {"angle": 0, "axis": "y", "origin": [0, 0, 8]},
			"faces": {
				"north": {"uv": [8.75, 7, 8.5, 7.25], "texture": "#0"},
				"east": {"uv": [8.5, 7, 8.75, 7.25], "texture": "#0"},
				"south": {"uv": [8.5, 7, 8.75, 7.25], "texture": "#0"},
				"west": {"uv": [8.5, 7, 8.75, 7.25], "texture": "#0"},
				"up": {"uv": [8.5, 7, 8.75, 7.25], "texture": "#0"},
				"down": {"uv": [8.5, 7, 8.75, 7.25], "texture": "#0"}
			}
		},
		{
			"name": "golden_scythe_16",
			"from": [9.75, 7.5, 8],
			"to": [10, 9, 8.25],
			"rotation": {"angle": 0, "axis": "y", "origin": [0, 0, 8]},
			"faces": {
				"north": {"uv": [10, 7, 9.75, 8.5], "texture": "#0"},
				"east": {"uv": [9.75, 7, 10, 8.5], "texture": "#0"},
				"south": {"uv": [9.75, 7, 10, 8.5], "texture": "#0"},
				"west": {"uv": [9.75, 7, 10, 8.5], "texture": "#0"},
				"up": {"uv": [9.75, 7, 10, 7.25], "texture": "#0"},
				"down": {"uv": [9.75, 8.25, 10, 8.5], "texture": "#0"}
			}
		},
		{
			"name": "golden_scythe_17",
			"from": [10, 7.25, 8],
			"to": [10.25, 8.75, 8.25],
			"rotation": {"angle": 0, "axis": "y", "origin": [0, 0, 8]},
			"faces": {
				"north": {"uv": [10.25, 7.25, 10, 8.75], "texture": "#0"},
				"east": {"uv": [10, 7.25, 10.25, 8.75], "texture": "#0"},
				"south": {"uv": [10, 7.25, 10.25, 8.75], "texture": "#0"},
				"west": {"uv": [10, 7.25, 10.25, 8.75], "texture": "#0"},
				"up": {"uv": [10, 7.25, 10.25, 7.5], "texture": "#0"},
				"down": {"uv": [10, 8.5, 10.25, 8.75], "texture": "#0"}
			}
		},
		{
			"name": "golden_scythe_18",
			"from": [10.25, 7.5, 8],
			"to": [10.5, 8.5, 8.25],
			"rotation": {"angle": 0, "axis": "y", "origin": [0, 0, 8]},
			"faces": {
				"north": {"uv": [10.5, 7.5, 10.25, 8.5], "texture": "#0"},
				"east": {"uv": [10.25, 7.5, 10.5, 8.5], "texture": "#0"},
				"south": {"uv": [10.25, 7.5, 10.5, 8.5], "texture": "#0"},
				"west": {"uv": [10.25, 7.5, 10.5, 8.5], "texture": "#0"},
				"up": {"uv": [10.25, 7.5, 10.5, 7.75], "texture": "#0"},
				"down": {"uv": [10.25, 8.25, 10.5, 8.5], "texture": "#0"}
			}
		},
		{
			"name": "golden_scythe_19",
			"from": [8.75, 7.5, 8],
			"to": [9, 8.25, 8.25],
			"rotation": {"angle": 0, "axis": "y", "origin": [0, 0, 8]},
			"faces": {
				"north": {"uv": [9, 7.75, 8.75, 8.5], "texture": "#0"},
				"east": {"uv": [8.75, 7.75, 9, 8.5], "texture": "#0"},
				"south": {"uv": [8.75, 7.75, 9, 8.5], "texture": "#0"},
				"west": {"uv": [8.75, 7.75, 9, 8.5], "texture": "#0"},
				"up": {"uv": [8.75, 7.75, 9, 8], "texture": "#0"},
				"down": {"uv": [8.75, 8.25, 9, 8.5], "texture": "#0"}
			}
		},
		{
			"name": "golden_scythe_20",
			"from": [8.25, 7.25, 8],
			"to": [8.75, 8, 8.25],
			"rotation": {"angle": 0, "axis": "y", "origin": [0, 0, 8]},
			"faces": {
				"north": {"uv": [8.75, 8, 8.25, 8.75], "texture": "#0"},
				"east": {"uv": [8.5, 8, 8.75, 8.75], "texture": "#0"},
				"south": {"uv": [8.25, 8, 8.75, 8.75], "texture": "#0"},
				"west": {"uv": [8.25, 8, 8.5, 8.75], "texture": "#0"},
				"up": {"uv": [8.25, 8, 8.75, 8.25], "texture": "#0"},
				"down": {"uv": [8.25, 8.5, 8.75, 8.75], "texture": "#0"}
			}
		},
		{
			"name": "golden_scythe_21",
			"from": [7.5, 7, 8],
			"to": [8.25, 7.75, 8.25],
			"rotation": {"angle": 0, "axis": "y", "origin": [0, 0, 8]},
			"faces": {
				"north": {"uv": [8.25, 8.25, 7.5, 9], "texture": "#0"},
				"east": {"uv": [8, 8.25, 8.25, 9], "texture": "#0"},
				"south": {"uv": [7.5, 8.25, 8.25, 9], "texture": "#0"},
				"west": {"uv": [7.5, 8.25, 7.75, 9], "texture": "#0"},
				"up": {"uv": [7.5, 8.25, 8.25, 8.5], "texture": "#0"},
				"down": {"uv": [7.5, 8.75, 8.25, 9], "texture": "#0"}
			}
		},
		{
			"name": "golden_scythe_22",
			"from": [7.25, 6.25, 8],
			"to": [7.5, 7.5, 8.25],
			"rotation": {"angle": 0, "axis": "y", "origin": [0, 0, 8]},
			"faces": {
				"north": {"uv": [7.5, 8.5, 7.25, 9.75], "texture": "#0"},
				"east": {"uv": [7.25, 8.5, 7.5, 9.75], "texture": "#0"},
				"south": {"uv": [7.25, 8.5, 7.5, 9.75], "texture": "#0"},
				"west": {"uv": [7.25, 8.5, 7.5, 9.75], "texture": "#0"},
				"up": {"uv": [7.25, 8.5, 7.5, 8.75], "texture": "#0"},
				"down": {"uv": [7.25, 9.5, 7.5, 9.75], "texture": "#0"}
			}
		},
		{
			"name": "golden_scythe_23",
			"from": [7, 6.5, 8],
			"to": [7.25, 7.25, 8.25],
			"rotation": {"angle": 0, "axis": "y", "origin": [0, 0, 8]},
			"faces": {
				"north": {"uv": [7.25, 8.75, 7, 9.5], "texture": "#0"},
				"east": {"uv": [7, 8.75, 7.25, 9.5], "texture": "#0"},
				"south": {"uv": [7, 8.75, 7.25, 9.5], "texture": "#0"},
				"west": {"uv": [7, 8.75, 7.25, 9.5], "texture": "#0"},
				"up": {"uv": [7, 8.75, 7.25, 9], "texture": "#0"},
				"down": {"uv": [7, 9.25, 7.25, 9.5], "texture": "#0"}
			}
		},
		{
			"name": "golden_scythe_24",
			"from": [6.75, 6.25, 8],
			"to": [7, 7, 8.25],
			"rotation": {"angle": 0, "axis": "y", "origin": [0, 0, 8]},
			"faces": {
				"north": {"uv": [7, 9, 6.75, 9.75], "texture": "#0"},
				"east": {"uv": [6.75, 9, 7, 9.75], "texture": "#0"},
				"south": {"uv": [6.75, 9, 7, 9.75], "texture": "#0"},
				"west": {"uv": [6.75, 9, 7, 9.75], "texture": "#0"},
				"up": {"uv": [6.75, 9, 7, 9.25], "texture": "#0"},
				"down": {"uv": [6.75, 9.5, 7, 9.75], "texture": "#0"}
			}
		},
		{
			"name": "golden_scythe_25",
			"from": [6.5, 6, 8],
			"to": [6.75, 6.75, 8.25],
			"rotation": {"angle": 0, "axis": "y", "origin": [0, 0, 8]},
			"faces": {
				"north": {"uv": [6.75, 9.25, 6.5, 10], "texture": "#0"},
				"east": {"uv": [6.5, 9.25, 6.75, 10], "texture": "#0"},
				"south": {"uv": [6.5, 9.25, 6.75, 10], "texture": "#0"},
				"west": {"uv": [6.5, 9.25, 6.75, 10], "texture": "#0"},
				"up": {"uv": [6.5, 9.25, 6.75, 9.5], "texture": "#0"},
				"down": {"uv": [6.5, 9.75, 6.75, 10], "texture": "#0"}
			}
		},
		{
			"name": "golden_scythe_26",
			"from": [7.5, 6, 8],
			"to": [7.75, 6.75, 8.25],
			"rotation": {"angle": 0, "axis": "y", "origin": [0, 0, 8]},
			"faces": {
				"north": {"uv": [7.75, 9.25, 7.5, 10], "texture": "#0"},
				"east": {"uv": [7.5, 9.25, 7.75, 10], "texture": "#0"},
				"south": {"uv": [7.5, 9.25, 7.75, 10], "texture": "#0"},
				"west": {"uv": [7.5, 9.25, 7.75, 10], "texture": "#0"},
				"up": {"uv": [7.5, 9.25, 7.75, 9.5], "texture": "#0"},
				"down": {"uv": [7.5, 9.75, 7.75, 10], "texture": "#0"}
			}
		},
		{
			"name": "golden_scythe_27",
			"from": [6.25, 5.75, 8],
			"to": [6.5, 6.5, 8.25],
			"rotation": {"angle": 0, "axis": "y", "origin": [0, 0, 8]},
			"faces": {
				"north": {"uv": [6.5, 9.5, 6.25, 10.25], "texture": "#0"},
				"east": {"uv": [6.25, 9.5, 6.5, 10.25], "texture": "#0"},
				"south": {"uv": [6.25, 9.5, 6.5, 10.25], "texture": "#0"},
				"west": {"uv": [6.25, 9.5, 6.5, 10.25], "texture": "#0"},
				"up": {"uv": [6.25, 9.5, 6.5, 9.75], "texture": "#0"},
				"down": {"uv": [6.25, 10, 6.5, 10.25], "texture": "#0"}
			}
		},
		{
			"name": "golden_scythe_28",
			"from": [7.75, 5.75, 8],
			"to": [8, 6.5, 8.25],
			"rotation": {"angle": 0, "axis": "y", "origin": [0, 0, 8]},
			"faces": {
				"north": {"uv": [8, 9.5, 7.75, 10.25], "texture": "#0"},
				"east": {"uv": [7.75, 9.5, 8, 10.25], "texture": "#0"},
				"south": {"uv": [7.75, 9.5, 8, 10.25], "texture": "#0"},
				"west": {"uv": [7.75, 9.5, 8, 10.25], "texture": "#0"},
				"up": {"uv": [7.75, 9.5, 8, 9.75], "texture": "#0"},
				"down": {"uv": [7.75, 10, 8, 10.25], "texture": "#0"}
			}
		},
		{
			"name": "golden_scythe_29",
			"from": [6, 5.5, 8],
			"to": [6.25, 6.25, 8.25],
			"rotation": {"angle": 0, "axis": "y", "origin": [0, 0, 8]},
			"faces": {
				"north": {"uv": [6.25, 9.75, 6, 10.5], "texture": "#0"},
				"east": {"uv": [6, 9.75, 6.25, 10.5], "texture": "#0"},
				"south": {"uv": [6, 9.75, 6.25, 10.5], "texture": "#0"},
				"west": {"uv": [6, 9.75, 6.25, 10.5], "texture": "#0"},
				"up": {"uv": [6, 9.75, 6.25, 10], "texture": "#0"},
				"down": {"uv": [6, 10.25, 6.25, 10.5], "texture": "#0"}
			}
		},
		{
			"name": "golden_scythe_30",
			"from": [8, 5.5, 8],
			"to": [8.25, 6.25, 8.25],
			"rotation": {"angle": 0, "axis": "y", "origin": [0, 0, 8]},
			"faces": {
				"north": {"uv": [8.25, 9.75, 8, 10.5], "texture": "#0"},
				"east": {"uv": [8, 9.75, 8.25, 10.5], "texture": "#0"},
				"south": {"uv": [8, 9.75, 8.25, 10.5], "texture": "#0"},
				"west": {"uv": [8, 9.75, 8.25, 10.5], "texture": "#0"},
				"up": {"uv": [8, 9.75, 8.25, 10], "texture": "#0"},
				"down": {"uv": [8, 10.25, 8.25, 10.5], "texture": "#0"}
			}
		},
		{
			"name": "golden_scythe_31",
			"from": [5.75, 5.25, 8],
			"to": [6, 6, 8.25],
			"rotation": {"angle": 0, "axis": "y", "origin": [0, 0, 8]},
			"faces": {
				"north": {"uv": [6, 10, 5.75, 10.75], "texture": "#0"},
				"east": {"uv": [5.75, 10, 6, 10.75], "texture": "#0"},
				"south": {"uv": [5.75, 10, 6, 10.75], "texture": "#0"},
				"west": {"uv": [5.75, 10, 6, 10.75], "texture": "#0"},
				"up": {"uv": [5.75, 10, 6, 10.25], "texture": "#0"},
				"down": {"uv": [5.75, 10.5, 6, 10.75], "texture": "#0"}
			}
		},
		{
			"name": "golden_scythe_32",
			"from": [8.25, 5.75, 8],
			"to": [8.5, 6, 8.25],
			"rotation": {"angle": 0, "axis": "y", "origin": [0, 0, 8]},
			"faces": {
				"north": {"uv": [8.5, 10, 8.25, 10.25], "texture": "#0"},
				"east": {"uv": [8.25, 10, 8.5, 10.25], "texture": "#0"},
				"south": {"uv": [8.25, 10, 8.5, 10.25], "texture": "#0"},
				"west": {"uv": [8.25, 10, 8.5, 10.25], "texture": "#0"},
				"up": {"uv": [8.25, 10, 8.5, 10.25], "texture": "#0"},
				"down": {"uv": [8.25, 10, 8.5, 10.25], "texture": "#0"}
			}
		},
		{
			"name": "golden_scythe_33",
			"from": [5.5, 5, 8],
			"to": [5.75, 5.75, 8.25],
			"rotation": {"angle": 0, "axis": "y", "origin": [0, 0, 8]},
			"faces": {
				"north": {"uv": [5.75, 10.25, 5.5, 11], "texture": "#0"},
				"east": {"uv": [5.5, 10.25, 5.75, 11], "texture": "#0"},
				"south": {"uv": [5.5, 10.25, 5.75, 11], "texture": "#0"},
				"west": {"uv": [5.5, 10.25, 5.75, 11], "texture": "#0"},
				"up": {"uv": [5.5, 10.25, 5.75, 10.5], "texture": "#0"},
				"down": {"uv": [5.5, 10.75, 5.75, 11], "texture": "#0"}
			}
		},
		{
			"name": "golden_scythe_34",
			"from": [5.25, 4.75, 8],
			"to": [5.5, 5.5, 8.25],
			"rotation": {"angle": 0, "axis": "y", "origin": [0, 0, 8]},
			"faces": {
				"north": {"uv": [5.5, 10.5, 5.25, 11.25], "texture": "#0"},
				"east": {"uv": [5.25, 10.5, 5.5, 11.25], "texture": "#0"},
				"south": {"uv": [5.25, 10.5, 5.5, 11.25], "texture": "#0"},
				"west": {"uv": [5.25, 10.5, 5.5, 11.25], "texture": "#0"},
				"up": {"uv": [5.25, 10.5, 5.5, 10.75], "texture": "#0"},
				"down": {"uv": [5.25, 11, 5.5, 11.25], "texture": "#0"}
			}
		},
		{
			"name": "golden_scythe_35",
			"from": [5, 4.5, 8],
			"to": [5.25, 5.25, 8.25],
			"rotation": {"angle": 0, "axis": "y", "origin": [0, 0, 8]},
			"faces": {
				"north": {"uv": [5.25, 10.75, 5, 11.5], "texture": "#0"},
				"east": {"uv": [5, 10.75, 5.25, 11.5], "texture": "#0"},
				"south": {"uv": [5, 10.75, 5.25, 11.5], "texture": "#0"},
				"west": {"uv": [5, 10.75, 5.25, 11.5], "texture": "#0"},
				"up": {"uv": [5, 10.75, 5.25, 11], "texture": "#0"},
				"down": {"uv": [5, 11.25, 5.25, 11.5], "texture": "#0"}
			}
		},
		{
			"name": "golden_scythe_36",
			"from": [4.75, 4.25, 8],
			"to": [5, 5, 8.25],
			"rotation": {"angle": 0, "axis": "y", "origin": [0, 0, 8]},
			"faces": {
				"north": {"uv": [5, 11, 4.75, 11.75], "texture": "#0"},
				"east": {"uv": [4.75, 11, 5, 11.75], "texture": "#0"},
				"south": {"uv": [4.75, 11, 5, 11.75], "texture": "#0"},
				"west": {"uv": [4.75, 11, 5, 11.75], "texture": "#0"},
				"up": {"uv": [4.75, 11, 5, 11.25], "texture": "#0"},
				"down": {"uv": [4.75, 11.5, 5, 11.75], "texture": "#0"}
			}
		},
		{
			"name": "golden_scythe_37",
			"from": [4.5, 4, 8],
			"to": [4.75, 4.75, 8.25],
			"rotation": {"angle": 0, "axis": "y", "origin": [0, 0, 8]},
			"faces": {
				"north": {"uv": [4.75, 11.25, 4.5, 12], "texture": "#0"},
				"east": {"uv": [4.5, 11.25, 4.75, 12], "texture": "#0"},
				"south": {"uv": [4.5, 11.25, 4.75, 12], "texture": "#0"},
				"west": {"uv": [4.5, 11.25, 4.75, 12], "texture": "#0"},
				"up": {"uv": [4.5, 11.25, 4.75, 11.5], "texture": "#0"},
				"down": {"uv": [4.5, 11.75, 4.75, 12], "texture": "#0"}
			}
		},
		{
			"name": "golden_scythe_38",
			"from": [4.25, 3.75, 8],
			"to": [4.5, 4.5, 8.25],
			"rotation": {"angle": 0, "axis": "y", "origin": [0, 0, 8]},
			"faces": {
				"north": {"uv": [4.5, 11.5, 4.25, 12.25], "texture": "#0"},
				"east": {"uv": [4.25, 11.5, 4.5, 12.25], "texture": "#0"},
				"south": {"uv": [4.25, 11.5, 4.5, 12.25], "texture": "#0"},
				"west": {"uv": [4.25, 11.5, 4.5, 12.25], "texture": "#0"},
				"up": {"uv": [4.25, 11.5, 4.5, 11.75], "texture": "#0"},
				"down": {"uv": [4.25, 12, 4.5, 12.25], "texture": "#0"}
			}
		},
		{
			"name": "golden_scythe_39",
			"from": [4, 3.5, 8],
			"to": [4.25, 4.25, 8.25],
			"rotation": {"angle": 0, "axis": "y", "origin": [0, 0, 8]},
			"faces": {
				"north": {"uv": [4.25, 11.75, 4, 12.5], "texture": "#0"},
				"east": {"uv": [4, 11.75, 4.25, 12.5], "texture": "#0"},
				"south": {"uv": [4, 11.75, 4.25, 12.5], "texture": "#0"},
				"west": {"uv": [4, 11.75, 4.25, 12.5], "texture": "#0"},
				"up": {"uv": [4, 11.75, 4.25, 12], "texture": "#0"},
				"down": {"uv": [4, 12.25, 4.25, 12.5], "texture": "#0"}
			}
		},
		{
			"name": "golden_scythe_40",
			"from": [3.75, 3.25, 8],
			"to": [4, 4, 8.25],
			"rotation": {"angle": 0, "axis": "y", "origin": [0, 0, 8]},
			"faces": {
				"north": {"uv": [4, 12, 3.75, 12.75], "texture": "#0"},
				"east": {"uv": [3.75, 12, 4, 12.75], "texture": "#0"},
				"south": {"uv": [3.75, 12, 4, 12.75], "texture": "#0"},
				"west": {"uv": [3.75, 12, 4, 12.75], "texture": "#0"},
				"up": {"uv": [3.75, 12, 4, 12.25], "texture": "#0"},
				"down": {"uv": [3.75, 12.5, 4, 12.75], "texture": "#0"}
			}
		},
		{
			"name": "golden_scythe_41",
			"from": [3.5, 3, 8],
			"to": [3.75, 3.75, 8.25],
			"rotation": {"angle": 0, "axis": "y", "origin": [0, 0, 8]},
			"faces": {
				"north": {"uv": [3.75, 12.25, 3.5, 13], "texture": "#0"},
				"east": {"uv": [3.5, 12.25, 3.75, 13], "texture": "#0"},
				"south": {"uv": [3.5, 12.25, 3.75, 13], "texture": "#0"},
				"west": {"uv": [3.5, 12.25, 3.75, 13], "texture": "#0"},
				"up": {"uv": [3.5, 12.25, 3.75, 12.5], "texture": "#0"},
				"down": {"uv": [3.5, 12.75, 3.75, 13], "texture": "#0"}
			}
		},
		{
			"name": "golden_scythe_42",
			"from": [3.25, 2.75, 8],
			"to": [3.5, 3.5, 8.25],
			"rotation": {"angle": 0, "axis": "y", "origin": [0, 0, 8]},
			"faces": {
				"north": {"uv": [3.5, 12.5, 3.25, 13.25], "texture": "#0"},
				"east": {"uv": [3.25, 12.5, 3.5, 13.25], "texture": "#0"},
				"south": {"uv": [3.25, 12.5, 3.5, 13.25], "texture": "#0"},
				"west": {"uv": [3.25, 12.5, 3.5, 13.25], "texture": "#0"},
				"up": {"uv": [3.25, 12.5, 3.5, 12.75], "texture": "#0"},
				"down": {"uv": [3.25, 13, 3.5, 13.25], "texture": "#0"}
			}
		},
		{
			"name": "golden_scythe_43",
			"from": [3, 2.5, 8],
			"to": [3.25, 3.25, 8.25],
			"rotation": {"angle": 0, "axis": "y", "origin": [0, 0, 8]},
			"faces": {
				"north": {"uv": [3.25, 12.75, 3, 13.5], "texture": "#0"},
				"east": {"uv": [3, 12.75, 3.25, 13.5], "texture": "#0"},
				"south": {"uv": [3, 12.75, 3.25, 13.5], "texture": "#0"},
				"west": {"uv": [3, 12.75, 3.25, 13.5], "texture": "#0"},
				"up": {"uv": [3, 12.75, 3.25, 13], "texture": "#0"},
				"down": {"uv": [3, 13.25, 3.25, 13.5], "texture": "#0"}
			}
		},
		{
			"name": "golden_scythe_44",
			"from": [2.75, 2.25, 8],
			"to": [3, 3, 8.25],
			"rotation": {"angle": 0, "axis": "y", "origin": [0, 0, 8]},
			"faces": {
				"north": {"uv": [3, 13, 2.75, 13.75], "texture": "#0"},
				"east": {"uv": [2.75, 13, 3, 13.75], "texture": "#0"},
				"south": {"uv": [2.75, 13, 3, 13.75], "texture": "#0"},
				"west": {"uv": [2.75, 13, 3, 13.75], "texture": "#0"},
				"up": {"uv": [2.75, 13, 3, 13.25], "texture": "#0"},
				"down": {"uv": [2.75, 13.5, 3, 13.75], "texture": "#0"}
			}
		},
		{
			"name": "golden_scythe_45",
			"from": [2.5, 2, 8],
			"to": [2.75, 2.75, 8.25],
			"rotation": {"angle": 0, "axis": "y", "origin": [0, 0, 8]},
			"faces": {
				"north": {"uv": [2.75, 13.25, 2.5, 14], "texture": "#0"},
				"east": {"uv": [2.5, 13.25, 2.75, 14], "texture": "#0"},
				"south": {"uv": [2.5, 13.25, 2.75, 14], "texture": "#0"},
				"west": {"uv": [2.5, 13.25, 2.75, 14], "texture": "#0"},
				"up": {"uv": [2.5, 13.25, 2.75, 13.5], "texture": "#0"},
				"down": {"uv": [2.5, 13.75, 2.75, 14], "texture": "#0"}
			}
		},
		{
			"name": "golden_scythe_46",
			"from": [2.25, 1.75, 8],
			"to": [2.5, 2.5, 8.25],
			"rotation": {"angle": 0, "axis": "y", "origin": [0, 0, 8]},
			"faces": {
				"north": {"uv": [2.5, 13.5, 2.25, 14.25], "texture": "#0"},
				"east": {"uv": [2.25, 13.5, 2.5, 14.25], "texture": "#0"},
				"south": {"uv": [2.25, 13.5, 2.5, 14.25], "texture": "#0"},
				"west": {"uv": [2.25, 13.5, 2.5, 14.25], "texture": "#0"},
				"up": {"uv": [2.25, 13.5, 2.5, 13.75], "texture": "#0"},
				"down": {"uv": [2.25, 14, 2.5, 14.25], "texture": "#0"}
			}
		},
		{
			"name": "golden_scythe_47",
			"from": [2, 1.5, 8],
			"to": [2.25, 2.25, 8.25],
			"rotation": {"angle": 0, "axis": "y", "origin": [0, 0, 8]},
			"faces": {
				"north": {"uv": [2.25, 13.75, 2, 14.5], "texture": "#0"},
				"east": {"uv": [2, 13.75, 2.25, 14.5], "texture": "#0"},
				"south": {"uv": [2, 13.75, 2.25, 14.5], "texture": "#0"},
				"west": {"uv": [2, 13.75, 2.25, 14.5], "texture": "#0"},
				"up": {"uv": [2, 13.75, 2.25, 14], "texture": "#0"},
				"down": {"uv": [2, 14.25, 2.25, 14.5], "texture": "#0"}
			}
		},
		{
			"name": "golden_scythe_48",
			"from": [1.75, 1.5, 8],
			"to": [2, 2, 8.25],
			"rotation": {"angle": 0, "axis": "y", "origin": [0, 0, 8]},
			"faces": {
				"north": {"uv": [2, 14, 1.75, 14.5], "texture": "#0"},
				"east": {"uv": [1.75, 14, 2, 14.5], "texture": "#0"},
				"south": {"uv": [1.75, 14, 2, 14.5], "texture": "#0"},
				"west": {"uv": [1.75, 14, 2, 14.5], "texture": "#0"},
				"up": {"uv": [1.75, 14, 2, 14.25], "texture": "#0"},
				"down": {"uv": [1.75, 14.25, 2, 14.5], "texture": "#0"}
			}
		}
	],
	"gui_light": "front",
	"display": {
		"thirdperson_righthand": {
			"rotation": [0, -90, 35],
			"translation": [0, 15, 4.75],
			"scale": [3, 3, 3]
		},
		"thirdperson_lefthand": {
			"rotation": [0, 90, -35],
			"translation": [-0.75, 15, 4.75],
			"scale": [3, 3, 3]
		},
		"firstperson_righthand": {
			"rotation": [-45, -95, 0],
			"translation": [-1.5, 8.25, 3.5],
			"scale": [2, 2, 2]
		},
		"firstperson_lefthand": {
			"rotation": [-45, 95, 0],
			"translation": [-1.5, 8.25, 3.5],
			"scale": [2, 2, 2]
		},
		"ground": {
			"rotation": [-90, 0, -45],
			"translation": [7.75, 1.5, 1.25],
			"scale": [2, 2, 2]
		},
		"gui": {
			"translation": [3.25, 2.75, 0],
			"scale": [1.8, 1.8, 1.8]
		},
		"head": {
			"rotation": [180, -27, 0],
			"translation": [-1.5, 8.25, -1.5],
			"scale": [3, 3, 3]
		},
		"fixed": {
			"translation": [4, 3, -0.5],
			"scale": [2, 2, 2]
		}
	},
	"groups": [
		{
			"name": "iron_scythe",
			"origin": [8, 8, 8],
			"color": 0,
			"children": []
		},
		{
			"name": "golden_scythe",
			"origin": [8, 8, 8],
			"color": 0,
			"children": [
				0,
				1,
				2,
				3,
				4,
				5,
				6,
				7,
				8,
				9,
				10,
				11,
				12,
				13,
				14,
				15,
				16,
				17,
				18,
				19,
				20,
				21,
				22,
				23,
				24,
				25,
				26,
				27,
				28,
				29,
				30,
				31,
				32,
				33,
				34,
				35,
				36,
				37,
				38,
				39,
				40,
				41,
				42,
				43,
				44,
				45,
				46,
				47,
				48
			]
		}
	]
}