{
	"credit": "Made with Blockbench",
	"texture_size": [64, 64],
	"textures": {
		"1": "bb_model/armor/knight_suit/plume",
		"2": "bb_model/armor/knight_suit/knight_suit",
		"particle": "bb_model/armor/knight_suit/plume"
	},
	"elements": [
		{
			"name": "top",
			"from": [0, 16, 0],
			"to": [16, 16, 16],
			"faces": {
				"north": {"uv": [0, 0, 16, 1], "texture": "#missing"},
				"east": {"uv": [0, 0, 15, 1], "texture": "#missing"},
				"south": {"uv": [0, 0, 16, 1], "texture": "#missing"},
				"west": {"uv": [0, 0, 15, 1], "texture": "#missing"},
				"up": {"uv": [10.75, 0, 12.75, 2], "rotation": 270, "texture": "#2"},
				"down": {"uv": [2.75, 0, 4.75, 2], "rotation": 90, "texture": "#2"}
			}
		},
		{
			"name": "front",
			"from": [-13, 9, -1],
			"to": [-13, 15, 17],
			"rotation": {"angle": -45, "axis": "z", "origin": [0, 0, 0]},
			"faces": {
				"north": {"uv": [9.75, 6.5, 14, 7.75], "texture": "#2"},
				"east": {"uv": [9.75, 6.5, 14, 7.75], "texture": "#2"},
				"south": {"uv": [9.75, 6.5, 14, 7.75], "texture": "#2"},
				"west": {"uv": [9.25, 6.5, 14.5, 7.75], "texture": "#2"},
				"up": {"uv": [9.75, 6.5, 14, 7.75], "texture": "#2"},
				"down": {"uv": [9.75, 6.5, 14, 7.75], "texture": "#2"}
			}
		},
		{
			"name": "front_side_left",
			"from": [-13, 9, 17],
			"to": [1, 12.6, 17],
			"rotation": {"angle": -45, "axis": "z", "origin": [0, 0, 0]},
			"faces": {
				"north": {"uv": [9.25, 9.5, 11, 10], "texture": "#2"},
				"east": {"uv": [9.25, 9.5, 11, 10], "texture": "#2"},
				"south": {"uv": [9.25, 9.5, 11, 10], "texture": "#2"},
				"west": {"uv": [9.25, 9.5, 11, 10], "texture": "#2"},
				"up": {"uv": [9.25, 9.5, 11, 10], "texture": "#2"},
				"down": {"uv": [9.25, 9.5, 11, 10], "texture": "#2"}
			}
		},
		{
			"name": "right",
			"from": [-13, 9, -1],
			"to": [1, 12.6, -1],
			"rotation": {"angle": -45, "axis": "z", "origin": [0, 0, 0]},
			"faces": {
				"north": {"uv": [9.25, 9.5, 11, 10], "texture": "#2"},
				"east": {"uv": [9.25, 9.5, 11, 10], "texture": "#2"},
				"south": {"uv": [9.25, 9.5, 11, 10], "texture": "#2"},
				"west": {"uv": [9.25, 9.5, 11, 10], "texture": "#2"},
				"up": {"uv": [9.25, 9.5, 11, 10], "texture": "#2"},
				"down": {"uv": [9.25, 9.5, 11, 10], "texture": "#2"}
			}
		},
		{
			"name": "back",
			"from": [16, 0, 0],
			"to": [16, 16, 16],
			"faces": {
				"north": {"uv": [0, 0, 1, 16], "texture": "#missing"},
				"east": {"uv": [6.75, 2, 8.75, 4], "texture": "#2"},
				"south": {"uv": [0, 0, 1, 16], "texture": "#missing"},
				"west": {"uv": [6.75, 2, 8.75, 4], "texture": "#2"},
				"up": {"uv": [0, 0, 1, 16], "texture": "#missing"},
				"down": {"uv": [0, 0, 1, 16], "texture": "#missing"}
			}
		},
		{
			"name": "plume_0",
			"from": [19, 21, 8],
			"to": [27, 22, 8],
			"rotation": {"angle": 22.5, "axis": "z", "origin": [0, 0, 0]},
			"faces": {
				"north": {"uv": [3, 0, 2, 8], "rotation": 270, "texture": "#1"},
				"east": {"uv": [2, 0, 3, 1], "rotation": 90, "texture": "#1"},
				"south": {"uv": [2, 0, 3, 8], "rotation": 90, "texture": "#1"},
				"west": {"uv": [2, 7, 3, 8], "rotation": 90, "texture": "#1"},
				"up": {"uv": [2, 0, 3, 8], "rotation": 90, "texture": "#1"},
				"down": {"uv": [2, 0, 3, 8], "rotation": 90, "texture": "#1"}
			}
		},
		{
			"name": "plume_1",
			"from": [22, 22, 8],
			"to": [26, 23, 8],
			"rotation": {"angle": 22.5, "axis": "z", "origin": [0, 0, 0]},
			"faces": {
				"north": {"uv": [2, 1, 1, 5], "rotation": 270, "texture": "#1"},
				"east": {"uv": [1, 1, 2, 2], "rotation": 90, "texture": "#1"},
				"south": {"uv": [1, 1, 2, 5], "rotation": 90, "texture": "#1"},
				"west": {"uv": [1, 4, 2, 5], "rotation": 90, "texture": "#1"},
				"up": {"uv": [1, 1, 2, 5], "rotation": 90, "texture": "#1"},
				"down": {"uv": [1, 1, 2, 5], "rotation": 90, "texture": "#1"}
			}
		},
		{
			"name": "plume_2",
			"from": [19, 20, 8],
			"to": [25, 21, 8],
			"rotation": {"angle": 22.5, "axis": "z", "origin": [0, 0, 0]},
			"faces": {
				"north": {"uv": [4, 2, 3, 8], "rotation": 270, "texture": "#1"},
				"east": {"uv": [3, 2, 4, 3], "rotation": 90, "texture": "#1"},
				"south": {"uv": [3, 2, 4, 8], "rotation": 90, "texture": "#1"},
				"west": {"uv": [3, 7, 4, 8], "rotation": 90, "texture": "#1"},
				"up": {"uv": [3, 2, 4, 8], "rotation": 90, "texture": "#1"},
				"down": {"uv": [3, 2, 4, 8], "rotation": 90, "texture": "#1"}
			}
		},
		{
			"name": "plume_3",
			"from": [23, 23, 8],
			"to": [24, 24, 8],
			"rotation": {"angle": 22.5, "axis": "z", "origin": [0, 0, 0]},
			"faces": {
				"north": {"uv": [1, 3, 0, 4], "rotation": 270, "texture": "#1"},
				"east": {"uv": [0, 3, 1, 4], "rotation": 90, "texture": "#1"},
				"south": {"uv": [0, 3, 1, 4], "rotation": 90, "texture": "#1"},
				"west": {"uv": [0, 3, 1, 4], "rotation": 90, "texture": "#1"},
				"up": {"uv": [0, 3, 1, 4], "rotation": 90, "texture": "#1"},
				"down": {"uv": [0, 3, 1, 4], "rotation": 90, "texture": "#1"}
			}
		},
		{
			"name": "plume_4",
			"from": [17, 19, 8],
			"to": [24, 20, 8],
			"rotation": {"angle": 22.5, "axis": "z", "origin": [0, 0, 0]},
			"faces": {
				"north": {"uv": [5, 3, 4, 10], "rotation": 270, "texture": "#1"},
				"east": {"uv": [4, 3, 5, 4], "rotation": 90, "texture": "#1"},
				"south": {"uv": [4, 3, 5, 10], "rotation": 90, "texture": "#1"},
				"west": {"uv": [4, 9, 5, 10], "rotation": 90, "texture": "#1"},
				"up": {"uv": [4, 3, 5, 10], "rotation": 90, "texture": "#1"},
				"down": {"uv": [4, 3, 5, 10], "rotation": 90, "texture": "#1"}
			}
		},
		{
			"name": "plume_5",
			"from": [16, 18, 8],
			"to": [23, 19, 8],
			"rotation": {"angle": 22.5, "axis": "z", "origin": [0, 0, 0]},
			"faces": {
				"north": {"uv": [6, 4, 5, 11], "rotation": 270, "texture": "#1"},
				"east": {"uv": [5, 4, 6, 5], "rotation": 90, "texture": "#1"},
				"south": {"uv": [5, 4, 6, 11], "rotation": 90, "texture": "#1"},
				"west": {"uv": [5, 10, 6, 11], "rotation": 90, "texture": "#1"},
				"up": {"uv": [5, 4, 6, 11], "rotation": 90, "texture": "#1"},
				"down": {"uv": [5, 4, 6, 11], "rotation": 90, "texture": "#1"}
			}
		},
		{
			"name": "plume_6",
			"from": [15, 17, 8],
			"to": [22, 18, 8],
			"rotation": {"angle": 22.5, "axis": "z", "origin": [0, 0, 0]},
			"faces": {
				"north": {"uv": [7, 5, 6, 12], "rotation": 270, "texture": "#1"},
				"east": {"uv": [6, 5, 7, 6], "rotation": 90, "texture": "#1"},
				"south": {"uv": [6, 5, 7, 12], "rotation": 90, "texture": "#1"},
				"west": {"uv": [6, 11, 7, 12], "rotation": 90, "texture": "#1"},
				"up": {"uv": [6, 5, 7, 12], "rotation": 90, "texture": "#1"},
				"down": {"uv": [6, 5, 7, 12], "rotation": 90, "texture": "#1"}
			}
		},
		{
			"name": "plume_7",
			"from": [20, 22, 8],
			"to": [21, 23, 8],
			"rotation": {"angle": 22.5, "axis": "z", "origin": [0, 0, 0]},
			"faces": {
				"north": {"uv": [2, 6, 1, 7], "rotation": 270, "texture": "#1"},
				"east": {"uv": [1, 6, 2, 7], "rotation": 90, "texture": "#1"},
				"south": {"uv": [1, 6, 2, 7], "rotation": 90, "texture": "#1"},
				"west": {"uv": [1, 6, 2, 7], "rotation": 90, "texture": "#1"},
				"up": {"uv": [1, 6, 2, 7], "rotation": 90, "texture": "#1"},
				"down": {"uv": [1, 6, 2, 7], "rotation": 90, "texture": "#1"}
			}
		},
		{
			"name": "plume_8",
			"from": [14, 15, 8],
			"to": [21, 16, 8],
			"rotation": {"angle": 22.5, "axis": "z", "origin": [0, 0, 0]},
			"faces": {
				"north": {"uv": [9, 6, 8, 13], "rotation": 270, "texture": "#1"},
				"east": {"uv": [8, 6, 9, 7], "rotation": 90, "texture": "#1"},
				"south": {"uv": [8, 6, 9, 13], "rotation": 90, "texture": "#1"},
				"west": {"uv": [8, 12, 9, 13], "rotation": 90, "texture": "#1"},
				"up": {"uv": [8, 6, 9, 13], "rotation": 90, "texture": "#1"},
				"down": {"uv": [8, 6, 9, 13], "rotation": 90, "texture": "#1"}
			}
		},
		{
			"name": "plume_9",
			"from": [15, 16, 8],
			"to": [20, 17, 8],
			"rotation": {"angle": 22.5, "axis": "z", "origin": [0, 0, 0]},
			"faces": {
				"north": {"uv": [8, 7, 7, 12], "rotation": 270, "texture": "#1"},
				"east": {"uv": [7, 7, 8, 8], "rotation": 90, "texture": "#1"},
				"south": {"uv": [7, 7, 8, 12], "rotation": 90, "texture": "#1"},
				"west": {"uv": [7, 11, 8, 12], "rotation": 90, "texture": "#1"},
				"up": {"uv": [7, 7, 8, 12], "rotation": 90, "texture": "#1"},
				"down": {"uv": [7, 7, 8, 12], "rotation": 90, "texture": "#1"}
			}
		},
		{
			"name": "plume_10",
			"from": [14, 14, 8],
			"to": [20, 15, 8],
			"rotation": {"angle": 22.5, "axis": "z", "origin": [0, 0, 0]},
			"faces": {
				"north": {"uv": [10, 7, 9, 13], "rotation": 270, "texture": "#1"},
				"east": {"uv": [9, 7, 10, 8], "rotation": 90, "texture": "#1"},
				"south": {"uv": [9, 7, 10, 13], "rotation": 90, "texture": "#1"},
				"west": {"uv": [9, 12, 10, 13], "rotation": 90, "texture": "#1"},
				"up": {"uv": [9, 7, 10, 13], "rotation": 90, "texture": "#1"},
				"down": {"uv": [9, 7, 10, 13], "rotation": 90, "texture": "#1"}
			}
		},
		{
			"name": "plume_11",
			"from": [17, 20, 8],
			"to": [18, 21, 8],
			"rotation": {"angle": 22.5, "axis": "z", "origin": [0, 0, 0]},
			"faces": {
				"north": {"uv": [4, 9, 3, 10], "rotation": 270, "texture": "#1"},
				"east": {"uv": [3, 9, 4, 10], "rotation": 90, "texture": "#1"},
				"south": {"uv": [3, 9, 4, 10], "rotation": 90, "texture": "#1"},
				"west": {"uv": [3, 9, 4, 10], "rotation": 90, "texture": "#1"},
				"up": {"uv": [3, 9, 4, 10], "rotation": 90, "texture": "#1"},
				"down": {"uv": [3, 9, 4, 10], "rotation": 90, "texture": "#1"}
			}
		},
		{
			"name": "plume_12",
			"from": [17, 12, 8],
			"to": [18, 14, 8],
			"rotation": {"angle": 22.5, "axis": "z", "origin": [0, 0, 0]},
			"faces": {
				"north": {"uv": [12, 9, 10, 10], "rotation": 270, "texture": "#1"},
				"east": {"uv": [10, 9, 12, 10], "rotation": 90, "texture": "#1"},
				"south": {"uv": [10, 9, 12, 10], "rotation": 90, "texture": "#1"},
				"west": {"uv": [10, 9, 12, 10], "rotation": 90, "texture": "#1"},
				"up": {"uv": [10, 9, 11, 10], "rotation": 90, "texture": "#1"},
				"down": {"uv": [11, 9, 12, 10], "rotation": 90, "texture": "#1"}
			}
		},
		{
			"name": "plume_13",
			"from": [15, 13, 8],
			"to": [17, 14, 8],
			"rotation": {"angle": 22.5, "axis": "z", "origin": [0, 0, 0]},
			"faces": {
				"north": {"uv": [11, 10, 10, 12], "rotation": 270, "texture": "#1"},
				"east": {"uv": [10, 10, 11, 11], "rotation": 90, "texture": "#1"},
				"south": {"uv": [10, 10, 11, 12], "rotation": 90, "texture": "#1"},
				"west": {"uv": [10, 11, 11, 12], "rotation": 90, "texture": "#1"},
				"up": {"uv": [10, 10, 11, 12], "rotation": 90, "texture": "#1"},
				"down": {"uv": [10, 10, 11, 12], "rotation": 90, "texture": "#1"}
			}
		},
		{
			"name": "plume_14",
			"from": [16, 9, 8],
			"to": [17, 11, 8],
			"rotation": {"angle": 22.5, "axis": "z", "origin": [0, 0, 0]},
			"faces": {
				"north": {"uv": [15, 10, 13, 11], "rotation": 270, "texture": "#1"},
				"east": {"uv": [13, 10, 15, 11], "rotation": 90, "texture": "#1"},
				"south": {"uv": [13, 10, 15, 11], "rotation": 90, "texture": "#1"},
				"west": {"uv": [13, 10, 15, 11], "rotation": 90, "texture": "#1"},
				"up": {"uv": [13, 10, 14, 11], "rotation": 90, "texture": "#1"},
				"down": {"uv": [14, 10, 15, 11], "rotation": 90, "texture": "#1"}
			}
		},
		{
			"name": "plume_15",
			"from": [15, 10, 8],
			"to": [16, 13, 8],
			"rotation": {"angle": 22.5, "axis": "z", "origin": [0, 0, 0]},
			"faces": {
				"north": {"uv": [14, 11, 11, 12], "rotation": 270, "texture": "#1"},
				"east": {"uv": [11, 11, 14, 12], "rotation": 90, "texture": "#1"},
				"south": {"uv": [11, 11, 14, 12], "rotation": 90, "texture": "#1"},
				"west": {"uv": [11, 11, 14, 12], "rotation": 90, "texture": "#1"},
				"up": {"uv": [11, 11, 12, 12], "rotation": 90, "texture": "#1"},
				"down": {"uv": [13, 11, 14, 12], "rotation": 90, "texture": "#1"}
			}
		},
		{
			"name": "plume_16",
			"from": [13, 10, 8],
			"to": [15, 12, 8],
			"rotation": {"angle": 22.5, "axis": "z", "origin": [0, 0, 0]},
			"faces": {
				"north": {"uv": [14, 12, 12, 14], "rotation": 270, "texture": "#1"},
				"east": {"uv": [12, 12, 14, 13], "rotation": 90, "texture": "#1"},
				"south": {"uv": [12, 12, 14, 14], "rotation": 90, "texture": "#1"},
				"west": {"uv": [12, 13, 14, 14], "rotation": 90, "texture": "#1"},
				"up": {"uv": [12, 12, 13, 14], "rotation": 90, "texture": "#1"},
				"down": {"uv": [13, 12, 14, 14], "rotation": 90, "texture": "#1"}
			}
		},
		{
			"from": [0, 0, 0],
			"to": [0, 16, 16],
			"faces": {
				"north": {"uv": [10.75, 2, 12.75, 3.75], "texture": "#2"},
				"east": {"uv": [10.75, 2, 12.75, 3.75], "texture": "#2"},
				"south": {"uv": [10.75, 2, 12.75, 3.75], "texture": "#2"},
				"west": {"uv": [10.75, 2, 12.75, 3.75], "texture": "#2"},
				"up": {"uv": [10.75, 2, 12.75, 3.75], "texture": "#2"},
				"down": {"uv": [10.75, 2, 12.75, 3.75], "texture": "#2"}
			}
		},
		{
			"name": "side_right",
			"from": [0, 0, 0],
			"to": [16, 16, 0],
			"faces": {
				"north": {"uv": [8.725, 2, 10.725, 4], "texture": "#2"},
				"east": {"uv": [8.725, 2, 10.725, 4], "texture": "#2"},
				"south": {"uv": [12.75, 4, 14.75, 6], "texture": "#2"},
				"west": {"uv": [8.725, 2, 10.725, 4], "texture": "#2"},
				"up": {"uv": [8.725, 2, 10.725, 4], "texture": "#2"},
				"down": {"uv": [8.725, 2, 10.725, 4], "texture": "#2"}
			}
		},
		{
			"name": "left",
			"from": [0, 0, 16],
			"to": [16, 16, 16],
			"faces": {
				"north": {"uv": [9, 4, 11, 6], "texture": "#2"},
				"east": {"uv": [8.725, 2, 10.725, 4], "texture": "#2"},
				"south": {"uv": [12.75, 2, 14.75, 4], "texture": "#2"},
				"west": {"uv": [8.725, 2, 10.725, 4], "texture": "#2"},
				"up": {"uv": [8.725, 2, 10.725, 4], "texture": "#2"},
				"down": {"uv": [8.725, 2, 10.725, 4], "texture": "#2"}
			}
		},
		{
			"name": "bottom",
			"from": [0, 0, 0],
			"to": [16, 0, 16],
			"faces": {
				"north": {"uv": [8.75, 0, 10.75, 2], "rotation": 90, "texture": "#2"},
				"east": {"uv": [8.75, 0, 10.75, 2], "rotation": 90, "texture": "#2"},
				"south": {"uv": [8.75, 0, 10.75, 2], "rotation": 90, "texture": "#2"},
				"west": {"uv": [8.75, 0, 10.75, 2], "rotation": 90, "texture": "#2"},
				"up": {"uv": [8.75, 0, 10.75, 2], "rotation": 90, "texture": "#2"},
				"down": {"uv": [8.75, 0, 10.75, 1.75], "rotation": 90, "texture": "#2"}
			}
		}
	],
	"display": {
		"thirdperson_righthand": {
			"rotation": [40, -70, 0],
			"scale": [0.3, 0.3, 0.3]
		},
		"thirdperson_lefthand": {
			"rotation": [40, 110, 0],
			"scale": [0.3, 0.3, 0.3]
		},
		"firstperson_righthand": {
			"rotation": [0, -90, 0],
			"translation": [0, 1.5, 2],
			"scale": [0.3, 0.3, 0.3]
		},
		"firstperson_lefthand": {
			"rotation": [0, 90, 0],
			"translation": [0, 1.5, 2],
			"scale": [0.3, 0.3, 0.3]
		},
		"ground": {
			"scale": [0.2, 0.2, 0.2]
		},
		"gui": {
			"rotation": [25, 51, -16],
			"translation": [0, -2.25, 0],
			"scale": [0.5, 0.5, 0.5]
		},
		"head": {
			"rotation": [0, -90, 0],
			"scale": [0.95, 0.95, 0.95]
		},
		"fixed": {
			"rotation": [0, -90, 0],
			"translation": [0, 0, -1.75],
			"scale": [0.5, 0.5, 0.5]
		}
	},
	"groups": [
		{
			"name": "top",
			"origin": [0, 0, 0],
			"color": 0,
			"children": [0]
		},
		{
			"name": "front",
			"origin": [8, 8, 8],
			"color": 0,
			"children": [1, 2, 3]
		},
		{
			"name": "back",
			"origin": [8, 8, 8],
			"color": 0,
			"children": [4]
		},
		{
			"name": "plume",
			"origin": [8, 8, 8],
			"color": 0,
			"children": []
		},
		{
			"name": "knight_suit_armor",
			"origin": [8, 8, 8],
			"color": 0,
			"children": []
		},
		{
			"name": "plume",
			"origin": [8, 8, 8],
			"color": 0,
			"children": [5, 6, 7, 8, 9, 10, 11, 12, 13, 14, 15, 16, 17, 18, 19, 20, 21, 22]
		},
		23,
		24,
		25
	]
}