{
	"credit": "Made with Blockbench",
	"textures": {
		"0": "wep:bb_model/netherite_battleaxe",
		"particle": "wep:bb_model/netherite_battleaxe"
	},
	"elements": [
		{
			"name": "netherite_battleaxe_0",
			"from": [8, 8, 8],
			"to": [10, 13, 8.5],
			"rotation": {"angle": 0, "axis": "y", "origin": [0, 0, 8]},
			"faces": {
				"north": {"uv": [10, 3, 8, 8], "texture": "#0"},
				"east": {"uv": [9.5, 3, 10, 8], "texture": "#0"},
				"south": {"uv": [8, 3, 10, 8], "texture": "#0"},
				"west": {"uv": [8, 3, 8.5, 8], "texture": "#0"},
				"up": {"uv": [8, 3, 10, 3.5], "texture": "#0"},
				"down": {"uv": [8, 7.5, 10, 8], "texture": "#0"}
			}
		},
		{
			"name": "netherite_battleaxe_1",
			"from": [10, 12, 8],
			"to": [10.5, 13, 8.5],
			"rotation": {"angle": 0, "axis": "y", "origin": [0, 0, 8]},
			"faces": {
				"north": {"uv": [10.5, 3, 10, 4], "texture": "#0"},
				"east": {"uv": [10, 3, 10.5, 4], "texture": "#0"},
				"south": {"uv": [10, 3, 10.5, 4], "texture": "#0"},
				"west": {"uv": [10, 3, 10.5, 4], "texture": "#0"},
				"up": {"uv": [10, 3, 10.5, 3.5], "texture": "#0"},
				"down": {"uv": [10, 3.5, 10.5, 4], "texture": "#0"}
			}
		},
		{
			"name": "netherite_battleaxe_2",
			"from": [7.5, 9, 8],
			"to": [8, 12.5, 8.5],
			"rotation": {"angle": 0, "axis": "y", "origin": [0, 0, 8]},
			"faces": {
				"north": {"uv": [8, 3.5, 7.5, 7], "texture": "#0"},
				"east": {"uv": [7.5, 3.5, 8, 7], "texture": "#0"},
				"south": {"uv": [7.5, 3.5, 8, 7], "texture": "#0"},
				"west": {"uv": [7.5, 3.5, 8, 7], "texture": "#0"},
				"up": {"uv": [7.5, 3.5, 8, 4], "texture": "#0"},
				"down": {"uv": [7.5, 6.5, 8, 7], "texture": "#0"}
			}
		},
		{
			"name": "netherite_battleaxe_3",
			"from": [11.5, 11.5, 8],
			"to": [12.5, 12.5, 8.5],
			"rotation": {"angle": 0, "axis": "y", "origin": [0, 0, 8]},
			"faces": {
				"north": {"uv": [12.5, 3.5, 11.5, 4.5], "texture": "#0"},
				"east": {"uv": [12, 3.5, 12.5, 4.5], "texture": "#0"},
				"south": {"uv": [11.5, 3.5, 12.5, 4.5], "texture": "#0"},
				"west": {"uv": [11.5, 3.5, 12, 4.5], "texture": "#0"},
				"up": {"uv": [11.5, 3.5, 12.5, 4], "texture": "#0"},
				"down": {"uv": [11.5, 4, 12.5, 4.5], "texture": "#0"}
			}
		},
		{
			"name": "netherite_battleaxe_4",
			"from": [7, 9, 8],
			"to": [7.5, 12, 8.5],
			"rotation": {"angle": 0, "axis": "y", "origin": [0, 0, 8]},
			"faces": {
				"north": {"uv": [7.5, 4, 7, 7], "texture": "#0"},
				"east": {"uv": [7, 4, 7.5, 7], "texture": "#0"},
				"south": {"uv": [7, 4, 7.5, 7], "texture": "#0"},
				"west": {"uv": [7, 4, 7.5, 7], "texture": "#0"},
				"up": {"uv": [7, 4, 7.5, 4.5], "texture": "#0"},
				"down": {"uv": [7, 6.5, 7.5, 7], "texture": "#0"}
			}
		},
		{
			"name": "netherite_battleaxe_5",
			"from": [11, 10.5, 8],
			"to": [11.5, 12, 8.5],
			"rotation": {"angle": 0, "axis": "y", "origin": [0, 0, 8]},
			"faces": {
				"north": {"uv": [11.5, 4, 11, 5.5], "texture": "#0"},
				"east": {"uv": [11, 4, 11.5, 5.5], "texture": "#0"},
				"south": {"uv": [11, 4, 11.5, 5.5], "texture": "#0"},
				"west": {"uv": [11, 4, 11.5, 5.5], "texture": "#0"},
				"up": {"uv": [11, 4, 11.5, 4.5], "texture": "#0"},
				"down": {"uv": [11, 5, 11.5, 5.5], "texture": "#0"}
			}
		},
		{
			"name": "netherite_battleaxe_6",
			"from": [6.5, 8.5, 8],
			"to": [7, 11.5, 8.5],
			"rotation": {"angle": 0, "axis": "y", "origin": [0, 0, 8]},
			"faces": {
				"north": {"uv": [7, 4.5, 6.5, 7.5], "texture": "#0"},
				"east": {"uv": [6.5, 4.5, 7, 7.5], "texture": "#0"},
				"south": {"uv": [6.5, 4.5, 7, 7.5], "texture": "#0"},
				"west": {"uv": [6.5, 4.5, 7, 7.5], "texture": "#0"},
				"up": {"uv": [6.5, 4.5, 7, 5], "texture": "#0"},
				"down": {"uv": [6.5, 7, 7, 7.5], "texture": "#0"}
			}
		},
		{
			"name": "netherite_battleaxe_7",
			"from": [10.5, 6, 8],
			"to": [11, 11.5, 8.5],
			"rotation": {"angle": 0, "axis": "y", "origin": [0, 0, 8]},
			"faces": {
				"north": {"uv": [11, 4.5, 10.5, 10], "texture": "#0"},
				"east": {"uv": [10.5, 4.5, 11, 10], "texture": "#0"},
				"south": {"uv": [10.5, 4.5, 11, 10], "texture": "#0"},
				"west": {"uv": [10.5, 4.5, 11, 10], "texture": "#0"},
				"up": {"uv": [10.5, 4.5, 11, 5], "texture": "#0"},
				"down": {"uv": [10.5, 9.5, 11, 10], "texture": "#0"}
			}
		},
		{
			"name": "netherite_battleaxe_8",
			"from": [11.5, 11, 8],
			"to": [12, 11.5, 8.5],
			"rotation": {"angle": 0, "axis": "y", "origin": [0, 0, 8]},
			"faces": {
				"north": {"uv": [12, 4.5, 11.5, 5], "texture": "#0"},
				"east": {"uv": [11.5, 4.5, 12, 5], "texture": "#0"},
				"south": {"uv": [11.5, 4.5, 12, 5], "texture": "#0"},
				"west": {"uv": [11.5, 4.5, 12, 5], "texture": "#0"},
				"up": {"uv": [11.5, 4.5, 12, 5], "texture": "#0"},
				"down": {"uv": [11.5, 4.5, 12, 5], "texture": "#0"}
			}
		},
		{
			"name": "netherite_battleaxe_9",
			"from": [6, 8.5, 8],
			"to": [6.5, 11, 8.5],
			"rotation": {"angle": 0, "axis": "y", "origin": [0, 0, 8]},
			"faces": {
				"north": {"uv": [6.5, 5, 6, 7.5], "texture": "#0"},
				"east": {"uv": [6, 5, 6.5, 7.5], "texture": "#0"},
				"south": {"uv": [6, 5, 6.5, 7.5], "texture": "#0"},
				"west": {"uv": [6, 5, 6.5, 7.5], "texture": "#0"},
				"up": {"uv": [6, 5, 6.5, 5.5], "texture": "#0"},
				"down": {"uv": [6, 7, 6.5, 7.5], "texture": "#0"}
			}
		},
		{
			"name": "netherite_battleaxe_10",
			"from": [10, 6, 8],
			"to": [10.5, 11, 8.5],
			"rotation": {"angle": 0, "axis": "y", "origin": [0, 0, 8]},
			"faces": {
				"north": {"uv": [10.5, 5, 10, 10], "texture": "#0"},
				"east": {"uv": [10, 5, 10.5, 10], "texture": "#0"},
				"south": {"uv": [10, 5, 10.5, 10], "texture": "#0"},
				"west": {"uv": [10, 5, 10.5, 10], "texture": "#0"},
				"up": {"uv": [10, 5, 10.5, 5.5], "texture": "#0"},
				"down": {"uv": [10, 9.5, 10.5, 10], "texture": "#0"}
			}
		},
		{
			"name": "netherite_battleaxe_11",
			"from": [12, 8, 8],
			"to": [13, 10.5, 8.5],
			"rotation": {"angle": 0, "axis": "y", "origin": [0, 0, 8]},
			"faces": {
				"north": {"uv": [13, 5.5, 12, 8], "texture": "#0"},
				"east": {"uv": [12.5, 5.5, 13, 8], "texture": "#0"},
				"south": {"uv": [12, 5.5, 13, 8], "texture": "#0"},
				"west": {"uv": [12, 5.5, 12.5, 8], "texture": "#0"},
				"up": {"uv": [12, 5.5, 13, 6], "texture": "#0"},
				"down": {"uv": [12, 7.5, 13, 8], "texture": "#0"}
			}
		},
		{
			"name": "netherite_battleaxe_12",
			"from": [11, 7, 8],
			"to": [12, 10, 8.5],
			"rotation": {"angle": 0, "axis": "y", "origin": [0, 0, 8]},
			"faces": {
				"north": {"uv": [12, 6, 11, 9], "texture": "#0"},
				"east": {"uv": [11.5, 6, 12, 9], "texture": "#0"},
				"south": {"uv": [11, 6, 12, 9], "texture": "#0"},
				"west": {"uv": [11, 6, 11.5, 9], "texture": "#0"},
				"up": {"uv": [11, 6, 12, 6.5], "texture": "#0"},
				"down": {"uv": [11, 8.5, 12, 9], "texture": "#0"}
			}
		},
		{
			"name": "netherite_battleaxe_13",
			"from": [7.5, 7, 8],
			"to": [8, 8.5, 8.5],
			"rotation": {"angle": 0, "axis": "y", "origin": [0, 0, 8]},
			"faces": {
				"north": {"uv": [8, 7.5, 7.5, 9], "texture": "#0"},
				"east": {"uv": [7.5, 7.5, 8, 9], "texture": "#0"},
				"south": {"uv": [7.5, 7.5, 8, 9], "texture": "#0"},
				"west": {"uv": [7.5, 7.5, 8, 9], "texture": "#0"},
				"up": {"uv": [7.5, 7.5, 8, 8], "texture": "#0"},
				"down": {"uv": [7.5, 8.5, 8, 9], "texture": "#0"}
			}
		},
		{
			"name": "netherite_battleaxe_14",
			"from": [7, 6.5, 8],
			"to": [7.5, 8, 8.5],
			"rotation": {"angle": 0, "axis": "y", "origin": [0, 0, 8]},
			"faces": {
				"north": {"uv": [7.5, 8, 7, 9.5], "texture": "#0"},
				"east": {"uv": [7, 8, 7.5, 9.5], "texture": "#0"},
				"south": {"uv": [7, 8, 7.5, 9.5], "texture": "#0"},
				"west": {"uv": [7, 8, 7.5, 9.5], "texture": "#0"},
				"up": {"uv": [7, 8, 7.5, 8.5], "texture": "#0"},
				"down": {"uv": [7, 9, 7.5, 9.5], "texture": "#0"}
			}
		},
		{
			"name": "netherite_battleaxe_15",
			"from": [8, 7.5, 8],
			"to": [8.5, 8, 8.5],
			"rotation": {"angle": 0, "axis": "y", "origin": [0, 0, 8]},
			"faces": {
				"north": {"uv": [8.5, 8, 8, 8.5], "texture": "#0"},
				"east": {"uv": [8, 8, 8.5, 8.5], "texture": "#0"},
				"south": {"uv": [8, 8, 8.5, 8.5], "texture": "#0"},
				"west": {"uv": [8, 8, 8.5, 8.5], "texture": "#0"},
				"up": {"uv": [8, 8, 8.5, 8.5], "texture": "#0"},
				"down": {"uv": [8, 8, 8.5, 8.5], "texture": "#0"}
			}
		},
		{
			"name": "netherite_battleaxe_16",
			"from": [9, 6, 8],
			"to": [10, 8, 8.5],
			"rotation": {"angle": 0, "axis": "y", "origin": [0, 0, 8]},
			"faces": {
				"north": {"uv": [10, 8, 9, 10], "texture": "#0"},
				"east": {"uv": [9.5, 8, 10, 10], "texture": "#0"},
				"south": {"uv": [9, 8, 10, 10], "texture": "#0"},
				"west": {"uv": [9, 8, 9.5, 10], "texture": "#0"},
				"up": {"uv": [9, 8, 10, 8.5], "texture": "#0"},
				"down": {"uv": [9, 9.5, 10, 10], "texture": "#0"}
			}
		},
		{
			"name": "netherite_battleaxe_17",
			"from": [12, 7.5, 8],
			"to": [12.5, 8, 8.5],
			"rotation": {"angle": 0, "axis": "y", "origin": [0, 0, 8]},
			"faces": {
				"north": {"uv": [12.5, 8, 12, 8.5], "texture": "#0"},
				"east": {"uv": [12, 8, 12.5, 8.5], "texture": "#0"},
				"south": {"uv": [12, 8, 12.5, 8.5], "texture": "#0"},
				"west": {"uv": [12, 8, 12.5, 8.5], "texture": "#0"},
				"up": {"uv": [12, 8, 12.5, 8.5], "texture": "#0"},
				"down": {"uv": [12, 8, 12.5, 8.5], "texture": "#0"}
			}
		},
		{
			"name": "netherite_battleaxe_18",
			"from": [6.5, 6, 8],
			"to": [7, 7.5, 8.5],
			"rotation": {"angle": 0, "axis": "y", "origin": [0, 0, 8]},
			"faces": {
				"north": {"uv": [7, 8.5, 6.5, 10], "texture": "#0"},
				"east": {"uv": [6.5, 8.5, 7, 10], "texture": "#0"},
				"south": {"uv": [6.5, 8.5, 7, 10], "texture": "#0"},
				"west": {"uv": [6.5, 8.5, 7, 10], "texture": "#0"},
				"up": {"uv": [6.5, 8.5, 7, 9], "texture": "#0"},
				"down": {"uv": [6.5, 9.5, 7, 10], "texture": "#0"}
			}
		},
		{
			"name": "netherite_battleaxe_19",
			"from": [6, 5.5, 8],
			"to": [6.5, 7, 8.5],
			"rotation": {"angle": 0, "axis": "y", "origin": [0, 0, 8]},
			"faces": {
				"north": {"uv": [6.5, 9, 6, 10.5], "texture": "#0"},
				"east": {"uv": [6, 9, 6.5, 10.5], "texture": "#0"},
				"south": {"uv": [6, 9, 6.5, 10.5], "texture": "#0"},
				"west": {"uv": [6, 9, 6.5, 10.5], "texture": "#0"},
				"up": {"uv": [6, 9, 6.5, 9.5], "texture": "#0"},
				"down": {"uv": [6, 10, 6.5, 10.5], "texture": "#0"}
			}
		},
		{
			"name": "netherite_battleaxe_20",
			"from": [8.5, 6, 8],
			"to": [9, 7, 8.5],
			"rotation": {"angle": 0, "axis": "y", "origin": [0, 0, 8]},
			"faces": {
				"north": {"uv": [9, 9, 8.5, 10], "texture": "#0"},
				"east": {"uv": [8.5, 9, 9, 10], "texture": "#0"},
				"south": {"uv": [8.5, 9, 9, 10], "texture": "#0"},
				"west": {"uv": [8.5, 9, 9, 10], "texture": "#0"},
				"up": {"uv": [8.5, 9, 9, 9.5], "texture": "#0"},
				"down": {"uv": [8.5, 9.5, 9, 10], "texture": "#0"}
			}
		},
		{
			"name": "netherite_battleaxe_21",
			"from": [11, 6.5, 8],
			"to": [11.5, 7, 8.5],
			"rotation": {"angle": 0, "axis": "y", "origin": [0, 0, 8]},
			"faces": {
				"north": {"uv": [11.5, 9, 11, 9.5], "texture": "#0"},
				"east": {"uv": [11, 9, 11.5, 9.5], "texture": "#0"},
				"south": {"uv": [11, 9, 11.5, 9.5], "texture": "#0"},
				"west": {"uv": [11, 9, 11.5, 9.5], "texture": "#0"},
				"up": {"uv": [11, 9, 11.5, 9.5], "texture": "#0"},
				"down": {"uv": [11, 9, 11.5, 9.5], "texture": "#0"}
			}
		},
		{
			"name": "netherite_battleaxe_22",
			"from": [5.5, 5, 8],
			"to": [6, 6.5, 8.5],
			"rotation": {"angle": 0, "axis": "y", "origin": [0, 0, 8]},
			"faces": {
				"north": {"uv": [6, 9.5, 5.5, 11], "texture": "#0"},
				"east": {"uv": [5.5, 9.5, 6, 11], "texture": "#0"},
				"south": {"uv": [5.5, 9.5, 6, 11], "texture": "#0"},
				"west": {"uv": [5.5, 9.5, 6, 11], "texture": "#0"},
				"up": {"uv": [5.5, 9.5, 6, 10], "texture": "#0"},
				"down": {"uv": [5.5, 10.5, 6, 11], "texture": "#0"}
			}
		},
		{
			"name": "netherite_battleaxe_23",
			"from": [5, 4.5, 8],
			"to": [5.5, 6, 8.5],
			"rotation": {"angle": 0, "axis": "y", "origin": [0, 0, 8]},
			"faces": {
				"north": {"uv": [5.5, 10, 5, 11.5], "texture": "#0"},
				"east": {"uv": [5, 10, 5.5, 11.5], "texture": "#0"},
				"south": {"uv": [5, 10, 5.5, 11.5], "texture": "#0"},
				"west": {"uv": [5, 10, 5.5, 11.5], "texture": "#0"},
				"up": {"uv": [5, 10, 5.5, 10.5], "texture": "#0"},
				"down": {"uv": [5, 11, 5.5, 11.5], "texture": "#0"}
			}
		},
		{
			"name": "netherite_battleaxe_24",
			"from": [4.5, 4, 8],
			"to": [5, 5.5, 8.5],
			"rotation": {"angle": 0, "axis": "y", "origin": [0, 0, 8]},
			"faces": {
				"north": {"uv": [5, 10.5, 4.5, 12], "texture": "#0"},
				"east": {"uv": [4.5, 10.5, 5, 12], "texture": "#0"},
				"south": {"uv": [4.5, 10.5, 5, 12], "texture": "#0"},
				"west": {"uv": [4.5, 10.5, 5, 12], "texture": "#0"},
				"up": {"uv": [4.5, 10.5, 5, 11], "texture": "#0"},
				"down": {"uv": [4.5, 11.5, 5, 12], "texture": "#0"}
			}
		},
		{
			"name": "netherite_battleaxe_25",
			"from": [4, 3.5, 8],
			"to": [4.5, 5, 8.5],
			"rotation": {"angle": 0, "axis": "y", "origin": [0, 0, 8]},
			"faces": {
				"north": {"uv": [4.5, 11, 4, 12.5], "texture": "#0"},
				"east": {"uv": [4, 11, 4.5, 12.5], "texture": "#0"},
				"south": {"uv": [4, 11, 4.5, 12.5], "texture": "#0"},
				"west": {"uv": [4, 11, 4.5, 12.5], "texture": "#0"},
				"up": {"uv": [4, 11, 4.5, 11.5], "texture": "#0"},
				"down": {"uv": [4, 12, 4.5, 12.5], "texture": "#0"}
			}
		},
		{
			"name": "netherite_battleaxe_26",
			"from": [3.5, 3, 8],
			"to": [4, 4.5, 8.5],
			"rotation": {"angle": 0, "axis": "y", "origin": [0, 0, 8]},
			"faces": {
				"north": {"uv": [4, 11.5, 3.5, 13], "texture": "#0"},
				"east": {"uv": [3.5, 11.5, 4, 13], "texture": "#0"},
				"south": {"uv": [3.5, 11.5, 4, 13], "texture": "#0"},
				"west": {"uv": [3.5, 11.5, 4, 13], "texture": "#0"},
				"up": {"uv": [3.5, 11.5, 4, 12], "texture": "#0"},
				"down": {"uv": [3.5, 12.5, 4, 13], "texture": "#0"}
			}
		},
		{
			"name": "netherite_battleaxe_27",
			"from": [3, 2.5, 8],
			"to": [3.5, 4, 8.5],
			"rotation": {"angle": 0, "axis": "y", "origin": [0, 0, 8]},
			"faces": {
				"north": {"uv": [3.5, 12, 3, 13.5], "texture": "#0"},
				"east": {"uv": [3, 12, 3.5, 13.5], "texture": "#0"},
				"south": {"uv": [3, 12, 3.5, 13.5], "texture": "#0"},
				"west": {"uv": [3, 12, 3.5, 13.5], "texture": "#0"},
				"up": {"uv": [3, 12, 3.5, 12.5], "texture": "#0"},
				"down": {"uv": [3, 13, 3.5, 13.5], "texture": "#0"}
			}
		},
		{
			"name": "netherite_battleaxe_28",
			"from": [2.5, 2, 8],
			"to": [3, 3.5, 8.5],
			"rotation": {"angle": 0, "axis": "y", "origin": [0, 0, 8]},
			"faces": {
				"north": {"uv": [3, 12.5, 2.5, 14], "texture": "#0"},
				"east": {"uv": [2.5, 12.5, 3, 14], "texture": "#0"},
				"south": {"uv": [2.5, 12.5, 3, 14], "texture": "#0"},
				"west": {"uv": [2.5, 12.5, 3, 14], "texture": "#0"},
				"up": {"uv": [2.5, 12.5, 3, 13], "texture": "#0"},
				"down": {"uv": [2.5, 13.5, 3, 14], "texture": "#0"}
			}
		},
		{
			"name": "netherite_battleaxe_29",
			"from": [2, 1.5, 8],
			"to": [2.5, 3, 8.5],
			"rotation": {"angle": 0, "axis": "y", "origin": [0, 0, 8]},
			"faces": {
				"north": {"uv": [2.5, 13, 2, 14.5], "texture": "#0"},
				"east": {"uv": [2, 13, 2.5, 14.5], "texture": "#0"},
				"south": {"uv": [2, 13, 2.5, 14.5], "texture": "#0"},
				"west": {"uv": [2, 13, 2.5, 14.5], "texture": "#0"},
				"up": {"uv": [2, 13, 2.5, 13.5], "texture": "#0"},
				"down": {"uv": [2, 14, 2.5, 14.5], "texture": "#0"}
			}
		},
		{
			"name": "netherite_battleaxe_30",
			"from": [1.5, 1.5, 8],
			"to": [2, 2.5, 8.5],
			"rotation": {"angle": 0, "axis": "y", "origin": [0, 0, 8]},
			"faces": {
				"north": {"uv": [2, 13.5, 1.5, 14.5], "texture": "#0"},
				"east": {"uv": [1.5, 13.5, 2, 14.5], "texture": "#0"},
				"south": {"uv": [1.5, 13.5, 2, 14.5], "texture": "#0"},
				"west": {"uv": [1.5, 13.5, 2, 14.5], "texture": "#0"},
				"up": {"uv": [1.5, 13.5, 2, 14], "texture": "#0"},
				"down": {"uv": [1.5, 14, 2, 14.5], "texture": "#0"}
			}
		}
	],
	"gui_light": "front",
	"display": {
		"thirdperson_righthand": {
			"rotation": [0, -90, 45],
			"translation": [0, 6.5, 2],
			"scale": [1.5, 1.5, 1.5]
		},
		"thirdperson_lefthand": {
			"rotation": [0, 90, -45],
			"translation": [0, 6.5, 2],
			"scale": [1.5, 1.5, 1.5]
		},
		"firstperson_righthand": {
			"rotation": [-55, -90, -22.5],
			"translation": [14, 4.25, -9],
			"scale": [2, 2, 2]
		},
		"firstperson_lefthand": {
			"rotation": [-55, 90, 22.5],
			"translation": [14, 4.25, -9],
			"scale": [2, 2, 2]
		},
		"ground": {
			"translation": [0, 3, 0]
		},
		"gui": {
			"translation": [1.25, 1.25, 0],
			"scale": [1.4, 1.4, 1.4]
		},
		"head": {
			"translation": [0, 9.75, -6.5],
			"scale": [1.5, 1.5, 1.5]
		},
		"fixed": {
			"rotation": [0, 180, 0],
			"translation": [-0.75, 1, 0],
			"scale": [1.5, 1.5, 1.5]
		}
	},
	"groups": [
		{
			"name": "netherite_battleaxe",
			"origin": [8, 8, 8],
			"color": 0,
			"children": [0, 1, 2, 3, 4, 5, 6, 7, 8, 9, 10, 11, 12, 13, 14, 15, 16, 17, 18, 19, 20, 21, 22, 23, 24, 25, 26, 27, 28, 29, 30]
		}
	]
}